contractRowId,playerName,playerKey,playerId,pfrId,ageAtSigning,yearsExpAtSigning,prevSignedTeam,prevContractTerm,prevContractAav,prevContractAavPerc,regWeightedTargets,regWeightedReceptions,regWeightedReceivingYards,regWeightedReceivingTds,regWeightedTargetShare,snapWeightedOffensePctMean,ngsWeightedYardsPerTarget,marketPrev1MedianAavPerc,prevContractAavMillions
5444,Adam Thielen,adam thielen,00-0030035,ThieAd00,35,13,CAR,3,8333333,0.0371,44,28.666666666666668,329,1.6666666666666667,0.08975458975458976,0.4989166666666667,9.919354838709678,0.0042,8.333333
5445,Ajou Ajou,ajou ajou,00-0039957,NA,24,1,IND,1,840000,0.003,NA,NA,NA,NA,NA,NA,NA,0.0042,0.84
5446,Alex Bachman,alex bachman,00-0035602,BachAl00,29,7,LV,1,1030000,0.0037,3,2.3333333333333335,18.333333333333332,0,0.0057377721851406,0.09871794871794871,NA,0.0042,1.03
5447,Anthony Miller,anthony miller,00-0034353,MillAn02,31,8,BAL,1,1170000,0.0042,1,1,16,0,0.00218818380743982,0.07500000000000001,NA,0.0042,1.17
5448,Aron Cruickshank,aron cruickshank,00-0038422,NA,25,3,CHI,3,901000,0.004,NA,NA,NA,NA,NA,NA,NA,0.0042,0.901
5449,Austin Mack,austin mack,00-0035869,MackAu01,28,6,ATL,2,984500,0.0039,NA,NA,NA,NA,NA,NA,NA,0.0042,0.9845
5450,Austin Watkins,austin watkins,NA,NA,27,NA,PHI,2,902500,0.00349999999999999,NA,NA,NA,NA,NA,NA,NA,0.0042,0.9025
5451,Avery Davis,avery davis,00-0039186,NA,NA,3,DET,3,898333,0.004,NA,NA,NA,NA,NA,NA,NA,0.0042,0.898333
5452,Bo Melton,bo melton,00-0037091,MeltBo00,26,4,GB,1,1030000,0.0037,14.333333333333334,5.333333333333333,101.66666666666669,0.6666666666666666,0.03105322338830584,0.22823529411764704,NA,0.0042,1.03
5453,Brandon Johnson,brandon johnson,00-0037382,JohnBr23,27,4,PIT,1,1100000,0.0039,0.3333333333333333,0.3333333333333333,3,0,7.246376811594203e-4,0.1,NA,0.0042,1.1
5454,Braxton Berrios,braxton berrios,00-0034419,BerrBr00,30,8,HOU,1,1800000,0.0064,6.666666666666667,4,24.666666666666668,0,0.0119917819151194,0.21777777777777776,NA,0.0042,1.8
5455,Braxton Burmeister,braxton burmeister,NA,NA,27,NA,LA,3,898333,0.004,NA,NA,NA,NA,NA,NA,NA,0.0042,0.898333
5456,Braxton Westfield,braxton westfield,NA,NA,NA,NA,IND,3,901667,0.004,NA,NA,NA,NA,NA,NA,NA,0.0042,0.901667
5457,Braydon Johnson,braydon johnson,NA,NA,NA,NA,BUF,3,903333,0.004,NA,NA,NA,NA,NA,NA,NA,0.0042,0.903333
5458,Braylon Sanders,braylon sanders,00-0037355,SandBr00,27,4,WAS,1,960000,0.0034,NA,NA,NA,NA,NA,NA,NA,0.0042,0.96
5459,Brian Cobbs,brian cobbs,00-0039011,NA,26,3,ARI,3,898333,0.004,NA,NA,NA,NA,NA,NA,NA,0.0042,0.898333
5460,Bryan Thompson,bryan thompson,00-0038680,ThomBr05,26,3,BUF,3,900500,0.004,NA,NA,NA,NA,NA,NA,NA,0.0042,0.9005
5461,Bryce Ford-Wheaton,bryce ford wheaton,00-0038477,FordBr00,26,3,NYG,3,905000,0.004,0,0,0,0,0,0.00285714285714285,NA,0.0042,0.905
5462,C.J. Johnson,c j johnson,NA,NA,NA,NA,SEA,3,898667,0.004,NA,NA,NA,NA,NA,NA,NA,0.0042,0.898667
5463,Cedrick Wilson,cedrick wilson,00-0020452,WilsCe00,47,25,MIA,1,1170000,0.0042,NA,NA,NA,NA,NA,NA,NA,0.0042,1.17
5464,Chase Cota,chase cota,00-0038651,CotaCh00,26,3,CLE,1,840000,0.003,NA,NA,NA,NA,NA,NA,NA,0.0042,0.84
5465,Chris Coleman,chris coleman,00-0019038,ColeCh01,48,26,MIA,3,900000,0.004,NA,NA,NA,NA,NA,NA,NA,0.0042,0.9
5466,Chris Moore,chris moore,00-0032398,MoorCh00,32,10,WAS,1,1255000,0.0045,23,11,207,1,0.05324074074074074,0.3538095238095238,NA,0.0042,1.255
5467,Cody Chrest,cody chrest,00-0038430,NA,NA,3,IND,3,898333,0.004,NA,NA,NA,NA,NA,NA,NA,0.0042,0.898333
5468,Collin Johnson,collin johnson,00-0036254,JohnCo01,28,6,LV,1,1170000,0.0042,2,1,6,0,0.00380228136882129,0.05444444444444445,NA,0.0042,1.17
5469,Cornell Powell,cornell powell,00-0036647,PoweCo00,28,5,HOU,1,960000,0.0034,NA,NA,NA,NA,NA,NA,NA,0.0042,0.96
5470,D'Wayne Eskridge,d wayne eskridge,NA,NA,28,NA,MIA,1,1270000,0.0045,NA,NA,NA,NA,NA,0.11175213675213676,NA,0.0042,1.27
5471,Dallas Daniels,dallas daniels,NA,NA,NA,NA,DEN,3,898333,0.004,NA,NA,NA,NA,NA,NA,NA,0.0042,0.898333
5472,Daniel Arias,daniel arias,00-0038702,AriaDa00,27,3,ARI,3,902333,0.004,NA,NA,NA,NA,NA,NA,NA,0.0042,0.902333
5473,Dante Pettis,dante pettis,00-0034860,PettDa00,30,8,NO,1,1255000,0.0045,16.666666666666668,10,124.66666666666669,0.3333333333333333,0.03103222014914728,0.2508333333333333,NA,0.0042,1.255
5474,David Bell,david bell,00-0037257,BellDa02,25,4,CLE,4,1273726,0.00609999999999999,3,3,27,0,0.00473186119873817,0.13,NA,0.0042,1.273726
5475,David Durden,david durden,00-0038734,DurdDa00,27,3,DAL,3,901667,0.004,NA,NA,NA,NA,NA,NA,NA,0.0042,0.901667
5476,David Sills,david sills,00-0035359,SillDa01,30,7,ATL,1,1100000,0.0039,36,18,191,2,0.06936416184971098,0.15333333333333335,NA,0.0042,1.1
5477,David White Jr,david white jr,00-0039562,WhitDa06,25,2,BUF,1,840000,0.003,NA,NA,NA,NA,NA,NA,NA,0.0042,0.84
5478,Dax Milne,dax milne,00-0036671,MilnDa00,26,5,CAR,1,1030000,0.0037,NA,NA,NA,NA,NA,NA,NA,0.0042,1.03
5479,Deandre Carter,deandre carter,00-0031763,CartDe02,32,11,CLE,1,1422500,0.0051,4.666666666666667,3,24,0,0.00887198986058301,0.04666666666666666,NA,0.0042,1.4225
5480,DeAndre Hopkins,deandre hopkins,00-0030564,HopkDe00,33,13,BAL,1,5000000,0.0179,52.666666666666664,33.333333333333336,423.3333333333333,3,0.11647903955596264,0.3833333333333333,7.725,0.0042,5
5481,Deebo Samuel,deebo samuel,NA,NA,30,NA,WAS,1,17545529,0.06280000000000001,NA,NA,NA,NA,NA,0.7254444444444444,7.652824541713431,0.0042,17.545529
5482,Demetric Felton,demetric felton,NA,NA,27,NA,WAS,1,1030000,0.0037,NA,NA,NA,NA,NA,NA,NA,0.0042,1.03
5483,Deon Cain,deon cain,00-0034406,CainDe00,29,8,BUF,1,960000,0.0034,NA,NA,NA,NA,NA,NA,NA,0.0042,0.96
5484,Dez Fitzpatrick,dez fitzpatrick,00-0036627,FitzDe00,28,5,LAC,1,1030000,0.0037,NA,NA,NA,NA,NA,0.13,NA,0.0042,1.03
5485,Diontae Johnson,diontae johnson,00-0035216,JohnDi01,29,7,CLE,1,1170000,0.0042,67,33,375,3,0.1293436293436293,0.5516666666666666,5.597014925373134,0.0042,1.17
5486,DJ Chark,dj chark,00-0034777,CharDJ00,29,8,ATL,1,1300000,0.0047,10,4,31,1,0.02036659877800407,0.21714285714285717,NA,0.0042,1.3
5487,DJ Montgomery,dj montgomery,NA,NA,29,NA,IND,1,1030000,0.0037,NA,NA,NA,NA,NA,NA,NA,0.0042,1.03
5488,Donovan Peoples-Jones,donovan peoples jones,00-0036233,PeopDo00,27,6,NO,1,1170000,0.0042,NA,NA,NA,NA,NA,NA,NA,0.0042,1.17
5489,Dontavian Jackson,dontavian jackson,NA,NA,28,NA,MIN,3,898333,0.004,NA,NA,NA,NA,NA,NA,NA,0.0042,0.898333
5490,Dontay Demus Jr.,dontay demus jr,00-0038447,DemuDo00,25,3,BAL,3,899167,0.004,NA,NA,NA,NA,NA,NA,NA,0.0042,0.899167
5491,Easop Winston,easop winston,00-0036080,WinsEa00,29,5,NYJ,1,960000,0.0034,NA,NA,NA,NA,NA,NA,NA,0.0042,0.96
5492,Ed Lee,ed lee,NA,NA,27,NA,NE,3,898333,0.004,NA,NA,NA,NA,NA,NA,NA,0.0042,0.898333
5493,Elijah Moore,elijah moore,00-0036980,MoorEl00,25,5,BUF,1,2500000,0.009,45.333333333333336,26.333333333333332,254,0.3333333333333333,0.07728816387101589,0.4619825708061002,5.2745098039215685,0.0042,2.5
5494,Equanimeous St. Brown,equanimeous st brown,00-0034279,St.BEq00,29,8,SF,1,1170000,0.0042,NA,NA,NA,NA,NA,0.24,NA,0.0042,1.17
5495,Erik Ezukanma,erik ezukanma,00-0038092,EzukEr00,26,4,MIA,4,1096248,0.0053,2,0,0,0,0.00352112676056338,0.14,NA,0.0042,1.096248
5496,Gabriel Davis,gabriel davis,NA,NA,27,NA,BUF,1,1170000,0.0042,NA,NA,NA,NA,NA,0.6197777777777778,NA,0.0042,1.17
5497,Garett Maag,garett maag,00-0039043,NA,26,3,MIN,3,898333,0.004,NA,NA,NA,NA,NA,NA,NA,0.0042,0.898333
5498,Gavin Holmes,gavin holmes,00-0038962,NA,27,3,TEN,3,898333,0.004,NA,NA,NA,NA,NA,NA,NA,0.0042,0.898333
5499,Grant DuBose,grant dubose,00-0038507,DuboGr00,24,3,BUF,1,840000,0.003,4,2,11,0,0.00704225352112676,0.22666666666666668,NA,0.0042,0.84
5500,Hunter Renfrow,hunter renfrow,00-0034983,RenfHu00,30,7,CAR,1,1220000,0.0044,26,15,89,2,0.05416666666666667,0.4916666666666667,NA,0.0042,1.22
5501,Jacob Harris,jacob harris,00-0036918,HarrJa03,28,5,TB,1,1100000,0.0039,NA,NA,NA,NA,NA,NA,NA,0.0042,1.1
5502,Jadakis Bonds,jadakis bonds,00-0039022,NA,26,3,GB,3,898333,0.004,NA,NA,NA,NA,NA,NA,NA,0.0042,0.898333
5503,Jadon Haselwood,jadon haselwood,00-0038483,NA,25,3,PHI,3,902500,0.004,NA,NA,NA,NA,NA,NA,NA,0.0042,0.9025
5504,Jadon Janke,jadon janke,00-0039604,NA,26,2,GB,1,840000,0.003,NA,NA,NA,NA,NA,NA,NA,0.0042,0.84
5505,Jaelen Gill,jaelen gill,00-0039659,GillJa01,26,2,CLE,1,840000,0.003,NA,NA,NA,NA,NA,NA,NA,0.0042,0.84
5506,Jalen Cropper,jalen cropper,00-0038740,MoreJa01,24,3,DAL,2,877500,0.0034,0,0,0,0,0,0.09555555555555556,NA,0.0042,0.8775
5507,Jalen Moreno-Cropper,jalen moreno cropper,NA,NA,25,NA,DAL,3,901667,0.004,NA,NA,NA,NA,NA,0.09555555555555556,NA,0.0042,0.901667
5508,Jalen Reagor,jalen reagor,00-0036387,ReagJa00,27,6,LAC,1,1337500,0.0048,12,7,100,0,0.02443991853360488,0.28250000000000003,NA,0.0042,1.3375
5509,Jalen Sample,jalen sample,NA,NA,27,NA,WAS,3,899167,0.004,NA,NA,NA,NA,NA,NA,NA,0.0042,0.899167
5510,Jamal Agnew,jamal agnew,00-0033572,AgneJa00,30,9,ATL,1,2500000,0.009,0,0,0,0,0,0.00181818181818181,NA,0.0042,2.5
5511,James Proche,james proche,00-0036133,ProcJa00,29,6,TEN,1,1170000,0.0042,9,5,50.333333333333336,0,0.01667162668888756,0.2081481481481481,NA,0.0042,1.17
5512,Jauan Jennings,jauan jennings,00-0036259,JennJa00,28,6,SF,2,5945000,0.02329999999999999,97.66666666666669,62.333333333333336,753.6666666666666,8,0.182515210585386,0.7951111111111112,7.639069157653229,0.0042,5.945
5513,Jerome Kapp,jerome kapp,00-0039033,NA,NA,3,NYJ,3,898333,0.004,NA,NA,NA,NA,NA,NA,NA,0.0042,0.898333
5514,Jesse Matthews,jesse matthews,00-0038726,MattJe00,26,3,ATL,1,840000,0.003,NA,NA,NA,NA,NA,NA,NA,0.0042,0.84
5515,John Hall,john hall,00-0038759,NA,28,3,SEA,3,901667,0.004,NA,NA,NA,NA,NA,NA,NA,0.0042,0.901667
5516,Johnny Johnson,johnny johnson,NA,NA,26,NA,HOU,1,840000,0.003,NA,NA,NA,NA,NA,NA,NA,0.0042,0.84
5517,Johnny King,johnny king,00-0038434,NA,26,3,IND,3,900000,0.004,NA,NA,NA,NA,NA,NA,NA,0.0042,0.9
5518,Jordan Byrd,jordan byrd,NA,NA,26,NA,PIT,3,900833,0.004,NA,NA,NA,NA,NA,NA,NA,0.0042,0.900833
5519,Jordan Matthews,jordan matthews,00-0031299,NA,33,12,CAR,1,1255000,0.0045,1,0,0,0,0.00193050193050193,NA,NA,0.0042,1.255
5520,Jose Barbon,jose barbon,00-0038730,NA,26,3,DAL,3,899333,0.004,NA,NA,NA,NA,NA,NA,NA,0.0042,0.899333
5521,Joseph Ngata,joseph ngata,00-0038484,NgatJo01,25,3,PHI,3,908333,0.004,NA,NA,NA,NA,NA,NA,NA,0.0042,0.908333
5522,Josh Reynolds,josh reynolds,00-0033943,ReynJo00,31,9,NYJ,1,2750000,0.0098,22,11.666666666666666,132,0.3333333333333333,0.04423296594733105,0.7357777777777778,NA,0.0042,2.75
5523,Josh Vann,josh vann,00-0038780,NA,26,3,CAR,3,901667,0.004,NA,NA,NA,NA,NA,NA,NA,0.0042,0.901667
5524,JuJu Smith-Schuster,juju smith schuster,00-0033857,SmitJu00,29,9,KC,1,1422500,0.0051,38.666666666666664,28,307,1.3333333333333333,0.06979632389468454,0.5370448179271708,7.666666666666667,0.0042,1.4225
5525,Julian Hicks,julian hicks,00-0039329,HickJu01,26,2,GB,1,840000,0.003,NA,NA,NA,NA,NA,NA,NA,0.0042,0.84
5526,Justin Marshall,justin marshall,00-0038929,NA,NA,3,ATL,3,904167,0.004,NA,NA,NA,NA,NA,NA,NA,0.0042,0.904167
5527,Justyn Ross,justyn ross,00-0037216,RossJu00,26,4,KC,1,960000,0.0034,1,0,0,0,0.00174825174825174,0.09,NA,0.0042,0.96
5528,Juwann Winfree,juwann winfree,00-0035593,WinfJu00,29,7,HOU,1,1170000,0.0042,NA,NA,NA,NA,NA,NA,NA,0.0042,1.17
5529,K.J. Hamler,k j hamler,NA,NA,26,NA,BUF,1,1108000,0.004,NA,NA,NA,NA,NA,NA,NA,0.0042,1.108
5530,K.J. Osborn,k j osborn,00-0036345,OsboKJ00,28,6,WAS,1,1195000,0.0043,18,7,57,1,0.036,0.495,NA,0.0042,1.195
5531,Kade Warner,kade warner,00-0038829,NA,27,3,TB,3,900000,0.004,NA,NA,NA,NA,NA,NA,NA,0.0042,0.9
5532,Kaden Davis,kaden davis,00-0037380,DaviKa02,27,4,CLE,1,840000,0.003,0,0,0,0,0,0.09000000000000001,NA,0.0042,0.84
5533,Kawaan Baker,kawaan baker,00-0036939,BakeKa00,27,5,LV,1,840000,0.003,NA,NA,NA,NA,NA,NA,NA,0.0042,0.84
5534,Kazmeir Allen,kazmeir allen,00-0038830,AlleKa00,26,3,WAS,3,903333,0.004,NA,NA,NA,NA,NA,NA,NA,0.0042,0.903333
5535,Kearis Jackson,kearis jackson,00-0038969,JackKe02,26,3,HOU,1,840000,0.003,NA,NA,NA,NA,NA,NA,NA,0.0042,0.84
5536,Keenan Allen,keenan allen,00-0030279,AlleKe00,33,13,LAC,1,3020000,0.0108,121.66666666666669,77.33333333333333,766,5,0.2261891448594647,0.6591372549019607,6.295488416203766,0.0042,3.02
5537,Keith Kirkwood,keith kirkwood,00-0034317,KirkKe00,31,8,BAL,1,1170000,0.0042,NA,NA,NA,NA,NA,NA,NA,0.0042,1.17
5538,Kelvin Harmon,kelvin harmon,00-0035297,HarmKe00,29,7,DAL,1,960000,0.0034,NA,NA,NA,NA,NA,NA,NA,0.0042,0.96
5539,Keytaon Thompson,keytaon thompson,NA,NA,NA,NA,DET,3,900000,0.004,NA,NA,NA,NA,NA,NA,NA,0.0042,0.9
5540,Kody Case,kody case,00-0038532,NA,27,3,IND,3,898333,0.004,NA,NA,NA,NA,NA,NA,NA,0.0042,0.898333
5541,Kristian Wilkerson,kristian wilkerson,00-0036183,WilkKr00,29,6,BUF,1,1100000,0.0039,3,2,18,1,0.00506756756756756,0.22,NA,0.0042,1.1
5542,Kyle Philips,kyle philips,00-0037273,PhilKy01,26,4,LV,1,1030000,0.0037,NA,NA,NA,NA,NA,NA,NA,0.0042,1.03
5543,Lance McCutcheon,lance mccutcheon,00-0037055,McCuLa01,27,4,PIT,1,960000,0.0034,NA,NA,NA,NA,NA,NA,NA,0.0042,0.96
5544,Laviska Shenault,laviska shenault,NA,NA,27,NA,BUF,1,1210000,0.0043,NA,NA,NA,NA,NA,NA,NA,0.0042,1.21
5545,Lideatrick Griffin,lideatrick griffin,00-0039541,GrifLi00,25,2,GB,1,840000,0.003,NA,NA,NA,NA,NA,NA,NA,0.0042,0.84
5546,Louis Rees-Zammit,louis rees zammit,NA,NA,25,NA,JAX,1,840000,0.003,NA,NA,NA,NA,NA,NA,NA,0.0042,0.84
5547,Mac Hippenhammer,mac hippenhammer,00-0038887,NA,27,3,CIN,3,898333,0.004,NA,NA,NA,NA,NA,NA,NA,0.0042,0.898333
5548,Malachi Carter,malachi carter,00-0038886,NA,26,3,CIN,3,898333,0.004,NA,NA,NA,NA,NA,NA,NA,0.0042,0.898333
5549,Malik Flowers,malik flowers,00-0038904,FlowMa01,26,3,NO,3,898667,0.004,NA,NA,NA,NA,NA,NA,NA,0.0042,0.898667
5550,Malik Heath,malik heath,00-0038465,HeatMa00,25,3,GB,3,901333,0.004,9,7.333333333333333,89.66666666666667,0.6666666666666666,0.019484007996002,0.26736596736596735,NA,0.0042,0.901333
5551,Malik Knowles,malik knowles,00-0038806,KnowMa00,25,3,SF,1,840000,0.003,NA,NA,NA,NA,NA,NA,NA,0.0042,0.84
5552,Malik Taylor,malik taylor,00-0035480,TaylMa01,30,7,DET,1,1100000,0.0039,NA,NA,NA,NA,NA,NA,NA,0.0042,1.1
5553,Marquez Callaway,marquez callaway,00-0036219,CallMa01,27,6,LV,1,1170000,0.0042,NA,NA,NA,NA,NA,0.04,NA,0.0042,1.17
5554,Marquez Valdes-Scantling,marquez valdes scantling,00-0034272,ValdMa00,31,8,PIT,1,1255000,0.0045,34,15.666666666666666,217,2,0.06478114478114479,0.5011904761904762,NA,0.0042,1.255
5555,Mathew Sexton,mathew sexton,00-0036471,SextMa00,28,3,MIA,2,877500,0.0034,NA,NA,NA,NA,NA,NA,NA,0.0042,0.8775
5556,Michael Gallup,michael gallup,00-0034764,GallMi00,30,8,WAS,1,1250000,0.0045,NA,NA,NA,NA,NA,NA,NA,0.0042,1.25
5557,Mike Strachan,mike strachan,00-0036482,StraMi03,28,5,WAS,1,1100000,0.0039,NA,NA,NA,NA,NA,NA,NA,0.0042,1.1
5558,Mike Williams,mike williams,00-0033536,WillMi07,31,9,LAC,1,3000000,0.0107,34,21,298,1,0.05772495755517826,0.4066666666666666,NA,0.0042,3
5559,Mike Woods,mike woods,00-0037300,WoodMi00,26,4,CLE,4,957072,0.0046,17,7,65,0,0.02681388012618296,0.838,NA,0.0042,0.957072
5560,Miles Boykin,miles boykin,00-0035703,BoykMi00,29,7,CHI,1,1170000,0.0042,NA,NA,NA,NA,NA,NA,NA,0.0042,1.17
5561,Montrell Washington,montrell washington,00-0037272,WashMo00,27,4,NYG,1,1030000,0.0037,0,0,0,0,0,0.07,NA,0.0042,1.03
5562,Nick Williams,nick williams,00-0039045,NA,NA,3,DEN,3,898333,0.004,NA,NA,NA,NA,NA,NA,NA,0.0042,0.898333
5563,Noah Brown,noah brown,00-0033591,BrowNo00,30,9,WAS,1,3250000,0.0116,25.333333333333332,15,206.33333333333337,0.3333333333333333,0.05246913580246912,0.4836363636363636,8.089285714285714,0.0042,3.25
5564,Oliver Martin,oliver martin,00-0038672,NA,27,3,JAX,3,898667,0.004,NA,NA,NA,NA,NA,NA,NA,0.0042,0.898667
5565,Pokey Wilson,pokey wilson,NA,NA,24,NA,NYJ,1,840000,0.003,NA,NA,NA,NA,NA,NA,NA,0.0042,0.84
5566,Quintez Cephus,quintez cephus,00-0036277,CephQu00,27,6,HOU,1,1100000,0.0039,NA,NA,NA,NA,NA,NA,NA,0.0042,1.1
5567,Racey McMath,racey mcmath,00-0036652,McMaRa00,26,5,DAL,2,1042500,0.0041,NA,NA,NA,NA,NA,NA,NA,0.0042,1.0425
5568,Rakim Jarrett,rakim jarrett,00-0038821,JarrRa00,25,3,TB,3,906667,0.004,11,9,124,0,0.01953818827708703,0.325,NA,0.0042,0.906667
5569,Ray-Ray McCloud,ray ray mccloud,00-0034407,McClRa00,29,8,ATL,2,2500000,0.0098,39,25.333333333333332,274.6666666666667,0.3333333333333333,0.07307116225365606,0.6370588235294118,7.885057471264368,0.0042,2.5
5570,River Cracraft,river cracraft,00-0034054,CracRi00,31,9,WAS,1,1170000,0.0042,3,2.3333333333333335,22,0,0.00528169014084507,0.10916666666666668,NA,0.0042,1.17
5571,Robbie Chosen,robbie chosen,00-0032688,AndeRo04,32,10,WAS,1,1255000,0.0045,7.333333333333333,3.6666666666666665,37,0,0.01623630672926447,0.31611111111111106,NA,0.0042,1.255
5572,Robert Woods,robert woods,00-0030431,WoodRo02,33,13,PIT,1,2000000,0.0072,30,20,203,0,0.05484460694698354,0.37066666666666664,NA,0.0042,2
5573,Rondale Moore,rondale moore,00-0036936,MoorRo02,25,5,MIN,1,2000000,0.0072,NA,NA,NA,NA,NA,NA,NA,0.0042,2
5574,Russell Gage,russell gage,00-0034411,GageRu00,30,8,SF,1,1170000,0.0042,NA,NA,NA,NA,NA,0.37,NA,0.0042,1.17
5575,Sam James,sam james,NA,NA,NA,NA,LA,3,898333,0.004,NA,NA,NA,NA,NA,NA,NA,0.0042,0.898333
5576,Scotty Miller,scotty miller,NA,NA,28,NA,PIT,1,1337500,0.0048,NA,NA,NA,NA,NA,NA,NA,0.0042,1.3375
5577,Scotty Washington,scotty washington,00-0035769,NA,28,6,BAL,1,840000,0.003,NA,NA,NA,NA,NA,NA,NA,0.0042,0.84
5578,Sean Ryan,sean ryan,00-0038455,RyanSe01,27,3,BAL,3,900000,0.004,NA,NA,NA,NA,NA,NA,NA,0.0042,0.9
5579,Seth Williams,seth williams,00-0036657,WillSe00,25,5,LV,1,840000,0.003,NA,NA,NA,NA,NA,NA,NA,0.0042,0.84
5580,Shae Wyatt,shae wyatt,NA,NA,NA,NA,SF,3,901000,0.004,NA,NA,NA,NA,NA,NA,NA,0.0042,0.901
5581,Shaq Davis,shaq davis,NA,NA,25,NA,PHI,2,927500,0.0036,NA,NA,NA,NA,NA,NA,NA,0.0042,0.9275
5582,Sterling Shepard,sterling shepard,00-0032385,ShepSt00,33,10,TB,1,1750000,0.0063,52.333333333333336,36.666666666666664,358.6666666666667,1,0.09550653407007832,0.551978021978022,6.849673202614379,0.0042,1.75
5583,Steven Sims Jr.,steven sims jr,NA,NA,28,NA,SEA,1,1170000,0.0042,NA,NA,NA,NA,NA,NA,NA,0.0042,1.17
5584,Sy Barnett,sy barnett,NA,NA,NA,NA,NO,3,898333,0.004,NA,NA,NA,NA,NA,NA,NA,0.0042,0.898333
5585,T.J. Luther,t j luther,00-0038502,LuthTJ00,25,3,CAR,1,840000,0.003,NA,NA,NA,NA,NA,NA,NA,0.0042,0.84
5586,Tarik Black,tarik black,00-0036491,BlacTa00,28,5,MIA,1,840000,0.003,NA,NA,NA,NA,NA,NA,NA,0.0042,0.84
5587,Tay Martin,tay martin,00-0037524,MartTa00,28,4,WAS,1,840000,0.003,2,1.6666666666666667,31.666666666666668,0.3333333333333333,0.00440134414493388,0.13333333333333333,NA,0.0042,0.84
5588,Taye Barber,taye barber,00-0038814,NA,26,3,TB,3,899000,0.004,NA,NA,NA,NA,NA,NA,NA,0.0042,0.899
5589,Taylor Grimes,taylor grimes,00-0038789,NA,26,3,DEN,3,899000,0.004,NA,NA,NA,NA,NA,NA,NA,0.0042,0.899
5590,Thayer Thomas,thayer thomas,00-0038810,ThomTh01,27,3,MIN,3,901667,0.004,NA,NA,NA,NA,NA,NA,NA,0.0042,0.901667
5591,Tim Patrick,tim patrick,00-0033375,PatrTi00,32,9,DET,1,2500000,0.009,30.666666666666668,21,256,3,0.05734751961821242,0.40895833333333337,NA,0.0042,2.5
5592,Tre’Shaun Harrison,tre shaun harrison,00-0038844,HarrTr02,25,3,TEN,3,901667,0.004,NA,NA,NA,NA,NA,NA,NA,0.0042,0.901667
5593,Trent Taylor,trent taylor,00-0033292,TaylTr02,31,9,SF,1,1170000,0.0042,1,1,11,0,0.00194931773879142,0.095,NA,0.0042,1.17
5594,Trenton Irwin,trenton irwin,00-0035341,IrwiTr00,30,7,JAX,1,1170000,0.0042,10,3,15,0,0.01592356687898089,0.2914285714285714,NA,0.0042,1.17
5595,Trishton Jackson,trishton jackson,00-0035934,JackTr02,28,6,ARI,1,1100000,0.0039,NA,NA,NA,NA,NA,0.08499999999999999,NA,0.0042,1.1
5596,Tyjon Lindsey,tyjon lindsey,00-0038763,LindTy01,27,3,SEA,3,898667,0.004,NA,NA,NA,NA,NA,NA,NA,0.0042,0.898667
5597,Tyler Adams,tyler adams,00-0038531,NA,NA,3,IND,3,898333,0.004,NA,NA,NA,NA,NA,NA,NA,0.0042,0.898333
5598,Tyler Hudson,tyler hudson,00-0038356,NA,25,3,LA,3,898333,0.004,NA,NA,NA,NA,NA,NA,NA,0.0042,0.898333
5599,Tyler Johnson,tyler johnson,00-0036427,JohnTy00,27,6,NYJ,1,1170000,0.0042,25.666666666666668,16.666666666666668,228.33333333333337,1,0.05068558956525371,0.3988888888888889,NA,0.0042,1.17
5600,Tyler Lockett,tyler lockett,00-0032211,LockTy00,33,11,LV,1,1255000,0.0045,61.333333333333336,37.666666666666664,394,1.3333333333333333,0.11253329796288314,0.5635294117647058,6.22997542997543,0.0042,1.255
5601,Tyrone Scott,tyrone scott,NA,NA,NA,NA,KC,3,898333,0.004,NA,NA,NA,NA,NA,NA,NA,0.0042,0.898333
5602,Winston Wright,winston wright,NA,NA,NA,NA,CLE,1,840000,0.003,NA,NA,NA,NA,NA,NA,NA,0.0042,0.84
5603,Xavier Malone,xavier malone,00-0038928,NA,26,3,ATL,3,901667,0.004,NA,NA,NA,NA,NA,NA,NA,0.0042,0.901667
5604,Zach Pascal,zach pascal,00-0033251,PascZa00,31,9,NYG,1,1422500,0.0051,0,0,0,0,0,0.06588235294117648,NA,0.0042,1.4225
5605,Zay Jones,zay jones,00-0033891,JoneZa00,30,9,ARI,1,2400000,0.0086,15.666666666666666,10.666666666666666,150,0,0.02645978144210199,0.4459848484848485,NA,0.0042,2.4
5606,Zion Bowens,zion bowens,00-0038831,NA,26,3,WAS,3,899167,0.004,NA,NA,NA,NA,NA,NA,NA,0.0042,0.899167
