contractRowId,playerName,playerKey,playerId,pfrId,pairId,termModelId,aavModelId,ageAtSigning,yearsExpAtSigning,prevSignedTeam,expectedTerm,modalTerm,modalTermProb,expectedAavPerc,expectedAav,modalAavPerc,modalAav,impliedCap2026,predictedTerm,.pred_1,.pred_2,.pred_3,.pred_4,.pred_5,prevContractTerm,prevContractAav,prevContractAavPerc,regWeightedTargets,regWeightedReceptions,regWeightedReceivingYards,regWeightedReceivingTds,regWeightedTargetShare,snapWeightedOffensePctMean,ngsWeightedYardsPerTarget,marketPrev1MedianAavPerc,prevContractAavMillions,expectedAavMillions,modalAavMillions
5512,Jauan Jennings,jauan jennings,00-0036259,JennJa00,glm_pair,term_ll_final,aavPerc_rl_final,28,6,SF,1.5800195214933774,1,0.7140196647758735,0.04649761304361789,14023089.648075238,0.044345293519057104,13373977.410509286,301587301.5873016,1,0.7140196647758735,0.10082629366263793,0.09971240763270309,0.061998123149808605,0.023443510778976877,2,5945000,0.02329999999999999,97.66666666666669,62.333333333333336,753.6666666666666,8,0.182515210585386,0.7951111111111112,7.639069157653229,0.0042,5.945,14.023089648075239,13.373977410509287
5481,Deebo Samuel,deebo samuel,NA,NA,glm_pair,term_ll_final,aavPerc_rl_final,30,NA,WAS,1.3088115652516783,1,0.8342920338576858,0.0456347227489675,13762852.892545756,0.04478830050762551,13507582.692775948,301587301.5873016,1,0.8342920338576858,0.02887709492741392,0.1314028284633431,0.004583357608650633,8.446851429065822e-4,1,17545529,0.06280000000000001,NA,NA,NA,NA,NA,0.7254444444444444,7.652824541713431,0.0042,17.545529,13.762852892545755,13.507582692775948
5536,Keenan Allen,keenan allen,00-0030279,AlleKe00,glm_pair,term_ll_final,aavPerc_rl_final,33,13,LAC,1.3991573932967645,1,0.8212241805187129,0.04300933369564454,12971068.892337242,0.04144655728992289,12499755.373151349,301587301.5873016,1,0.8212241805187129,0.03972438383918072,0.07658268412043291,0.043607364869976156,0.018861386651697336,1,3020000,0.0108,121.66666666666669,77.33333333333333,766,5,0.2261891448594647,0.6591372549019607,6.295488416203766,0.0042,3.02,12.971068892337243,12.499755373151348
5470,D'Wayne Eskridge,d wayne eskridge,NA,NA,glm_pair,term_ll_final,aavPerc_rl_final,28,NA,MIA,1.4607506003459372,1,0.7280672423705719,0.017771425983909555,5359636.40784574,0.016545296104433147,4989851.206098886,301587301.5873016,1,0.7280672423705719,0.09927126487167662,0.15869300544034404,0.011780624676057208,0.0021878626413502065,1,1270000,0.0045,NA,NA,NA,NA,NA,0.11175213675213676,NA,0.0042,1.27,5.35963640784574,4.989851206098886
5496,Gabriel Davis,gabriel davis,NA,NA,glm_pair,term_ll_final,aavPerc_rl_final,27,NA,BUF,1.3282065036020883,1,0.8209718343604832,0.016208437723974674,4888258.996119347,0.015301886290861858,4614854.595656751,301587301.5873016,1,0.8209718343604832,0.03962448893731234,0.13126066666058914,0.006511358822863539,0.00163165121875176,1,1170000,0.0042,NA,NA,NA,NA,NA,0.6197777777777778,NA,0.0042,1.17,4.8882589961193474,4.614854595656751
5507,Jalen Moreno-Cropper,jalen moreno cropper,NA,NA,glm_pair,term_ll_final,aavPerc_rl_final,25,NA,DAL,1.5600278201659576,1,0.6984063435324125,0.015574035118435423,4696931.226194809,0.014023750051986228,4229384.936313307,301587301.5873016,1,0.6984063435324125,0.0582056297338756,0.23068886422325358,0.010352188056258935,0.002346974454199521,3,901667,0.004,NA,NA,NA,NA,NA,0.09555555555555556,NA,0.0042,0.901667,4.696931226194809,4.2293849363133065
5480,DeAndre Hopkins,deandre hopkins,00-0030564,HopkDe00,glm_pair,term_ll_final,aavPerc_rl_final,33,13,BAL,1.1006327218745167,1,0.9415070690479145,0.014263852449817396,4301796.770579848,0.013941415171903743,4204553.782002716,301587301.5873016,1,0.9415070690479145,0.029970342589070217,0.017200395161713008,0.009027183843189061,0.0022950093581133,1,5000000,0.0179,52.666666666666664,33.333333333333336,423.3333333333333,3,0.11647903955596264,0.3833333333333333,7.725,0.0042,5,4.301796770579848,4.204553782002717
5444,Adam Thielen,adam thielen,00-0030035,ThieAd00,glm_pair,term_ll_final,aavPerc_rl_final,35,13,CAR,1.0313018056876835,1,0.9794710728093987,0.013850325365826338,4177082.2531857216,0.013761789726732284,4150381.028697038,301587301.5873016,1,0.9794710728093987,0.01310902412698353,0.004746208344320591,0.001994414005129752,6.792807141674068e-4,3,8333333,0.0371,44,28.666666666666668,329,1.6666666666666667,0.08975458975458976,0.4989166666666667,9.919354838709678,0.0042,8.333333,4.177082253185722,4.150381028697038
5591,Tim Patrick,tim patrick,00-0033375,PatrTi00,glm_pair,term_ll_final,aavPerc_rl_final,32,9,DET,1.0639327753065964,1,0.955304555769384,0.009878554471449946,2979246.586627761,0.00971440607631173,2929741.515078141,301587301.5873016,1,0.955304555769384,0.030573968932279753,0.009945256825885344,0.0032365811672566834,9.396373051940577e-4,1,2500000,0.009,30.666666666666668,21,256,3,0.05734751961821242,0.40895833333333337,NA,0.0042,2.5,2.979246586627761,2.929741515078141
5541,Kristian Wilkerson,kristian wilkerson,00-0036183,WilkKr00,glm_pair,term_ll_final,aavPerc_rl_final,29,6,BUF,1.0594644564931346,1,0.9540654080877959,0.009721357828066934,2931838.0751312985,0.009588942121436121,2891903.179480735,301587301.5873016,1,0.9540654080877959,0.035750872917323345,0.007513297076167228,0.0019946982513765078,6.757236673368539e-4,1,1100000,0.0039,3,2,18,1,0.00506756756756756,0.22,NA,0.0042,1.1,2.9318380751312985,2.8919031794807353
5457,Braydon Johnson,braydon johnson,NA,NA,glm_pair,term_ll_final,aavPerc_rl_final,NA,NA,BUF,1.480934708427864,1,0.7182185220297587,0.008845400387373926,2667660.4342873753,0.0075904908606647436,2289195.6563909547,301587301.5873016,1,0.7182185220297587,0.09387966745396938,0.1786694931354264,0.007213214820339743,0.002019102560505632,3,903333,0.004,NA,NA,NA,NA,NA,NA,NA,0.0042,0.903333,2.667660434287375,2.289195656390955
5559,Mike Woods,mike woods,00-0037300,WoodMi00,glm_pair,term_ll_final,aavPerc_rl_final,26,4,CLE,1.1214371226261262,1,0.9061467901281147,0.008461265121177274,2551810.1159106065,0.008193813190831688,2471150.0099333664,301587301.5873016,1,0.9061467901281147,0.07232254933742457,0.01628791645905881,0.004432235931023914,8.105081443780075e-4,4,957072,0.0046,17,7,65,0,0.02681388012618296,0.838,NA,0.0042,0.957072,2.5518101159106066,2.4711500099333663
5506,Jalen Cropper,jalen cropper,00-0038740,MoreJa01,glm_pair,term_ll_final,aavPerc_rl_final,24,3,DAL,1.1275579018898165,1,0.9044133305471586,0.008292003130581054,2500762.848905397,0.007994778980077215,2411123.819388367,301587301.5873016,1,0.9044133305471586,0.07131249030475571,0.017460323345475953,0.00593065831633057,8.831974862792757e-4,2,877500,0.0034,0,0,0,0,0,0.09555555555555556,NA,0.0042,0.8775,2.500762848905397,2.411123819388367
5466,Chris Moore,chris moore,00-0032398,MoorCh00,glm_pair,term_ll_final,aavPerc_rl_final,32,10,WAS,1.0534744065383235,1,0.9633769370572756,0.00823280801065705,2482910.35242038,0.008090130167057523,2439880.526572904,301587301.5873016,1,0.9633769370572756,0.024613600157624267,0.007967326252035565,0.0032423922556298365,7.997442774346697e-4,1,1255000,0.0045,23,11,207,1,0.05324074074074074,0.3538095238095238,NA,0.0042,1.255,2.48291035242038,2.439880526572904
5605,Zay Jones,zay jones,00-0033891,JoneZa00,glm_pair,term_ll_final,aavPerc_rl_final,30,9,ARI,1.0608696193264195,1,0.9574615780808675,0.008228986513256964,2481757.837331466,0.00807089911423094,2434080.685244252,301587301.5873016,1,0.9574615780808675,0.029295416672104103,0.008859407233542893,0.003679003866711473,7.045941467738167e-4,1,2400000,0.0086,15.666666666666666,10.666666666666666,150,0,0.02645978144210199,0.4459848484848485,NA,0.0042,2.4,2.481757837331466,2.434080685244252
5568,Rakim Jarrett,rakim jarrett,00-0038821,JarrRa00,glm_pair,term_ll_final,aavPerc_rl_final,25,3,TB,1.153994592767872,1,0.8834126229295989,0.008222121418251084,2479687.4118535016,0.007864928798715217,2371962.65358078,301587301.5873016,1,0.8834126229295989,0.08916037604360112,0.019240549094319853,0.0063926891942903035,0.0017937627381900084,3,906667,0.004,11,9,124,0,0.01953818827708703,0.325,NA,0.0042,0.906667,2.4796874118535017,2.37196265358078
5539,Keytaon Thompson,keytaon thompson,NA,NA,glm_pair,term_ll_final,aavPerc_rl_final,NA,NA,DET,1.4709356416374004,1,0.7240758138777956,0.008099014286764978,2442559.8642624537,0.0068701973042944895,2071964.2663745289,301587301.5873016,1,0.7240758138777956,0.0919305500339761,0.1749529988775617,0.00706345499436495,0.0019771822163015557,3,900000,0.004,NA,NA,NA,NA,NA,NA,NA,0.0042,0.9,2.4425598642624538,2.071964266374529
5485,Diontae Johnson,diontae johnson,00-0035216,JohnDi01,glm_pair,term_ll_final,aavPerc_rl_final,29,7,CLE,1.0986971675092037,1,0.9290208679509965,0.007973194230416406,2404614.1329827257,0.007731091414268445,2331598.9979539756,301587301.5873016,1,0.9290208679509965,0.05004144000449031,0.015307718321183163,0.004479604030973203,0.0011503696923568364,1,1170000,0.0042,67,33,375,3,0.1293436293436293,0.5516666666666666,5.597014925373134,0.0042,1.17,2.4046141329827257,2.3315989979539755
5601,Tyrone Scott,tyrone scott,NA,NA,glm_pair,term_ll_final,aavPerc_rl_final,NA,NA,KC,1.4645874420214362,1,0.727733584388004,0.00796538984740655,2402260.430170229,0.006753335577936173,2036720.2536632905,301587301.5873016,1,0.727733584388004,0.09081139846498179,0.17253894729122365,0.006966130449155387,0.0019499394066352525,3,898333,0.004,NA,NA,NA,NA,NA,NA,NA,0.0042,0.898333,2.4022604301702293,2.0367202536632907
5493,Elijah Moore,elijah moore,00-0036980,MoorEl00,glm_pair,term_ll_final,aavPerc_rl_final,25,5,BUF,1.1322465236945096,1,0.9171405534730462,0.007831263907265703,2361809.7498102924,0.007453573945883566,2247903.253520441,301587301.5873016,1,0.9171405534730462,0.04563493439058228,0.026644653831174904,0.008997151579209092,0.001582706725987545,1,2500000,0.009,45.333333333333336,26.333333333333332,254,0.3333333333333333,0.07728816387101589,0.4619825708061002,5.2745098039215685,0.0042,2.5,2.3618097498102926,2.2479032535204406
5509,Jalen Sample,jalen sample,NA,NA,glm_pair,term_ll_final,aavPerc_rl_final,27,NA,WAS,1.4254393918081543,1,0.7507320850454464,0.007746649393965136,2336291.0870688506,0.0066365466377424675,2001498.19233503,301587301.5873016,1,0.7507320850454464,0.08304991945931331,0.1580506975520732,0.00638111452797452,0.0017861834151926999,3,899167,0.004,NA,NA,NA,NA,NA,NA,NA,0.0042,0.899167,2.3362910870688505,2.00149819233503
5588,Taye Barber,taye barber,00-0038814,NA,glm_pair,term_ll_final,aavPerc_rl_final,26,3,TB,1.3149279071527398,1,0.7946193415339784,0.007735223866683919,2332845.2931268965,0.00694552068884498,2094680.842667534,301587301.5873016,1,0.7946193415339784,0.10888296571565326,0.08578992051259902,0.00836598853918806,0.0023417836985811244,3,899000,0.004,NA,NA,NA,NA,NA,NA,NA,0.0042,0.899,2.3328452931268964,2.094680842667534
5519,Jordan Matthews,jordan matthews,00-0031299,NA,glm_pair,term_ll_final,aavPerc_rl_final,33,12,CAR,1.026784434347604,1,0.9792531712018838,0.007617183397272499,2297245.786479008,0.0075577996824274605,2279336.412160663,301587301.5873016,1,0.9792531712018838,0.016156797090557763,0.0033592148718944773,0.0010140598293982698,2.1675700626561586e-4,1,1255000,0.0045,1,0,0,0,0.00193050193050193,NA,NA,0.0042,1.255,2.297245786479008,2.2793364121606627
5529,K.J. Hamler,k j hamler,NA,NA,glm_pair,term_ll_final,aavPerc_rl_final,26,NA,BUF,1.433328577867028,1,0.7460650239791047,0.007588185081339265,2288500.262626128,0.006457758628744692,1947577.9991452247,301587301.5873016,1,0.7460650239791047,0.08465418955655828,0.16098274748745262,0.006483262571974118,0.0018147764049104961,1,1108000,0.004,NA,NA,NA,NA,NA,NA,NA,0.0042,1.108,2.288500262626128,1.9475779991452247
5544,Laviska Shenault,laviska shenault,NA,NA,glm_pair,term_ll_final,aavPerc_rl_final,27,NA,BUF,1.4008096925090088,1,0.7652053323720615,0.007563658567333997,2281103.377449936,0.006517846075477348,1965699.6100645973,301587301.5873016,1,0.7652053323720615,0.07812802722042819,0.14899585281732647,0.005993190706809087,0.001677596883375065,1,1210000,0.0043,NA,NA,NA,NA,NA,NA,NA,0.0042,1.21,2.2811033774499356,1.9656996100645974
5575,Sam James,sam james,NA,NA,glm_pair,term_ll_final,aavPerc_rl_final,NA,NA,LA,1.4709268950069978,1,0.7240803386667676,0.007500034274399128,2261915.098628309,0.006271241035973937,1891326.6616429335,301587301.5873016,1,0.7240803386667676,0.09193020583431961,0.17494885213754038,0.00706342854789224,0.0019771748134801933,3,898333,0.004,NA,NA,NA,NA,NA,NA,NA,0.0042,0.898333,2.261915098628309,1.8913266616429334
5456,Braxton Westfield,braxton westfield,NA,NA,glm_pair,term_ll_final,aavPerc_rl_final,NA,NA,IND,1.4709443884058058,1,0.724071289024433,0.00743943454194595,2243638.988840842,0.006210593815044783,1873036.229934141,301587301.5873016,1,0.724071289024433,0.0919308942231561,0.17495714569348061,0.007063481440032703,0.001977189618897597,3,901667,0.004,NA,NA,NA,NA,NA,NA,NA,0.0042,0.901667,2.2436389888408423,1.873036229934141
5451,Avery Davis,avery davis,00-0039186,NA,glm_pair,term_ll_final,aavPerc_rl_final,NA,3,DET,1.302182876198099,1,0.802871730064326,0.007391153998459573,2229078.1900116173,0.006633620204189695,2000615.617136575,301587301.5873016,1,0.802871730064326,0.10458812250919483,0.08227144743792482,0.008022941141163519,0.0022457588473909136,3,898333,0.004,NA,NA,NA,NA,NA,NA,NA,0.0042,0.898333,2.2290781900116174,2.000615617136575
5550,Malik Heath,malik heath,00-0038465,HeatMa00,glm_pair,term_ll_final,aavPerc_rl_final,25,3,GB,1.1379874938159757,1,0.9001753565973084,0.0073601644578355635,2219732.1380773927,0.007011405131441352,2114550.7539267573,301587301.5873016,1,0.9001753565973084,0.07314552413447006,0.016559835395118464,0.0087548366011444,0.0013644472719588053,3,901333,0.004,9,7.333333333333333,89.66666666666667,0.6666666666666666,0.019484007996002,0.26736596736596735,NA,0.0042,0.901333,2.2197321380773927,2.1145507539267574
5455,Braxton Burmeister,braxton burmeister,NA,NA,glm_pair,term_ll_final,aavPerc_rl_final,27,NA,LA,1.4297491771725468,1,0.7482066777648744,0.0073203446529300446,2207722.990566204,0.0061989967564150894,1869538.7043156622,301587301.5873016,1,0.7482066777648744,0.0838918539872619,0.15965137275133173,0.006445804303507996,0.0018042911930242803,3,898333,0.004,NA,NA,NA,NA,NA,NA,NA,0.0042,0.898333,2.2077229905662037,1.8695387043156622
5584,Sy Barnett,sy barnett,NA,NA,glm_pair,term_ll_final,aavPerc_rl_final,NA,NA,NO,1.4883133701105768,1,0.7002855083070059,0.007127422535240317,2149540.129675651,0.005897231905169124,1778530.2571144977,301587301.5873016,1,0.7002855083070059,0.12177132366770979,0.16919965824848546,0.006831309161299223,0.0019122006154996482,3,898333,0.004,NA,NA,NA,NA,NA,NA,NA,0.0042,0.898333,2.149540129675651,1.7785302571144976
5531,Kade Warner,kade warner,00-0038829,NA,glm_pair,term_ll_final,aavPerc_rl_final,27,3,TB,1.2668898942977243,1,0.8259476611441002,0.007118185866138743,2146754.467565653,0.006448940870730133,1944918.6752995641,301587301.5873016,1,0.8259476611441002,0.09227373312129336,0.07270421920134663,0.007089823359301272,0.001984563173958487,3,900000,0.004,NA,NA,NA,NA,NA,NA,NA,0.0042,0.9,2.146754467565653,1.9449186752995642
5580,Shae Wyatt,shae wyatt,NA,NA,glm_pair,term_ll_final,aavPerc_rl_final,NA,NA,SF,1.4709408886324793,1,0.7240730995163795,0.00702933189299845,2119957.2375709615,0.005800500666764567,1749357.3439448697,301587301.5873016,1,0.7240730995163795,0.09193075650744699,0.17495548646048598,0.007063470858689362,0.0019771866569980884,3,901000,0.004,NA,NA,NA,NA,NA,NA,NA,0.0042,0.901,2.1199572375709614,1.7493573439448697
5606,Zion Bowens,zion bowens,00-0038831,NA,glm_pair,term_ll_final,aavPerc_rl_final,26,3,WAS,1.296305333633855,1,0.8067641270259992,0.006928025625119653,2089404.5536075146,0.006185019743391396,1865323.414673596,301587301.5873016,1,0.8067641270259992,0.1024442979052273,0.08071699451508031,0.007871275516305008,0.002203305037388055,3,899167,0.004,NA,NA,NA,NA,NA,NA,NA,0.0042,0.899167,2.0894045536075145,1.865323414673596
5462,C.J. Johnson,c j johnson,NA,NA,glm_pair,term_ll_final,aavPerc_rl_final,NA,NA,SEA,1.4681850153192708,1,0.72783432752673,0.006903814232666683,2082102.705089952,0.0056752367251066416,1711579.3297940667,301587301.5873016,1,0.72783432752673,0.0872212515615328,0.17585692841761763,0.007100063053974669,0.0019874294401447585,3,898667,0.004,NA,NA,NA,NA,NA,NA,NA,0.0042,0.898667,2.082102705089952,1.7115793297940667
5523,Josh Vann,josh vann,00-0038780,NA,glm_pair,term_ll_final,aavPerc_rl_final,26,3,CAR,1.2658933233485528,1,0.8265980151449807,0.006876975038192517,2074008.3448517118,0.006210228338214861,1872926.0067632124,301587301.5873016,1,0.8265980151449807,0.09192818197846957,0.07243339854527668,0.00706327304556242,0.0019771312857106587,3,901667,0.004,NA,NA,NA,NA,NA,NA,NA,0.0042,0.901667,2.0740083448517117,1.8729260067632123
5582,Sterling Shepard,sterling shepard,00-0032385,ShepSt00,glm_pair,term_ll_final,aavPerc_rl_final,33,10,TB,1.0927376659499337,1,0.9455399264471571,0.006846379395851874,2064781.0876378673,0.006552786952337983,1976237.3348320904,301587301.5873016,1,0.9455399264471571,0.02839609223252702,0.01597162925659739,0.007971093050662117,0.002121259013056385,1,1750000,0.0063,52.333333333333336,36.666666666666664,358.6666666666667,1,0.09550653407007832,0.551978021978022,6.849673202614379,0.0042,1.75,2.064781087637867,1.9762373348320905
5518,Jordan Byrd,jordan byrd,NA,NA,glm_pair,term_ll_final,aavPerc_rl_final,26,NA,PIT,1.470940012380847,1,0.7240735528163477,0.006845903442243078,2064637.5460733091,0.005617074594727326,1694038.3698384,301587301.5873016,1,0.7240735528163477,0.09193072202663957,0.17495507103223795,0.007063468209367334,0.0019771859154074077,3,900833,0.004,NA,NA,NA,NA,NA,NA,NA,0.0042,0.900833,2.064637546073309,1.6940383698384
5492,Ed Lee,ed lee,NA,NA,glm_pair,term_ll_final,aavPerc_rl_final,27,NA,NE,1.4297491771725468,1,0.7482066777648744,0.006792206518727936,2048443.2358068374,0.005670858622212981,1710258.949556296,301587301.5873016,1,0.7482066777648744,0.0838918539872619,0.15965137275133173,0.006445804303507996,0.0018042911930242803,3,898333,0.004,NA,NA,NA,NA,NA,NA,NA,0.0042,0.898333,2.0484432358068374,1.710258949556296
5540,Kody Case,kody case,00-0038532,NA,glm_pair,term_ll_final,aavPerc_rl_final,27,3,IND,1.2870734317295598,1,0.8127844851309312,0.006786226175610147,2046639.6402633777,0.006066370284008213,1829540.2443834296,301587301.5873016,1,0.8127844851309312,0.09925300968498008,0.07820176240274963,0.007626073886276336,0.00213466889506286,3,898333,0.004,NA,NA,NA,NA,NA,NA,NA,0.0042,0.898333,2.0466396402633777,1.8295402443834297
5448,Aron Cruickshank,aron cruickshank,00-0038422,NA,glm_pair,term_ll_final,aavPerc_rl_final,25,3,CHI,1.3471008259524209,1,0.7735705333640489,0.006744290229717598,2033992.2915021325,0.005874151470013431,1771569.4909564317,301587301.5873016,1,0.7735705333640489,0.12013252697235843,0.09450205465418234,0.009215350365943675,0.0025795346434666433,3,901000,0.004,NA,NA,NA,NA,NA,NA,NA,0.0042,0.901,2.0339922915021327,1.7715694909564317
5460,Bryan Thompson,bryan thompson,00-0038680,ThomBr05,glm_pair,term_ll_final,aavPerc_rl_final,26,3,BUF,1.2035283134142203,1,0.8491677376883352,0.006693292619256492,2018612.059775768,0.006210731742550745,1873077.8271184787,301587301.5873016,1,0.8491677376883352,0.11149933770647481,0.02836785302603272,0.008567016660947965,0.0023980549182090936,3,900500,0.004,NA,NA,NA,NA,NA,NA,NA,0.0042,0.9005,2.018612059775768,1.8730778271184787
5471,Dallas Daniels,dallas daniels,NA,NA,glm_pair,term_ll_final,aavPerc_rl_final,NA,NA,DEN,1.4709268950069978,1,0.7240803386667676,0.0066700924549319175,2011615.184820737,0.005441299216506724,1641026.7478353614,301587301.5873016,1,0.7240803386667676,0.09193020583431961,0.17494885213754038,0.00706342854789224,0.0019771748134801933,3,898333,0.004,NA,NA,NA,NA,NA,NA,NA,0.0042,0.898333,2.011615184820737,1.6410267478353613
5461,Bryce Ford-Wheaton,bryce ford wheaton,00-0038477,FordBr00,glm_pair,term_ll_final,aavPerc_rl_final,26,3,NYG,1.1088346368524593,1,0.9091827673805009,0.006660587603103524,2008748.6422058246,0.006446406084814273,1944154.2160550982,301587301.5873016,1,0.9091827673805009,0.07722260998399841,0.009948196885955033,0.0028700699016328394,7.763558479130079e-4,3,905000,0.004,0,0,0,0,0,0.00285714285714285,NA,0.0042,0.905,2.0087486422058247,1.9441542160550982
5495,Erik Ezukanma,erik ezukanma,00-0038092,EzukEr00,glm_pair,term_ll_final,aavPerc_rl_final,26,4,MIA,1.192561470565441,1,0.8366563748456788,0.006650501965078186,2005706.9418489768,0.006281493025937944,1894418.5316320783,301587301.5873016,1,0.8366563748456788,0.14137282446842464,0.01568469136562876,0.0053251739153123,9.609354049555191e-4,4,1096248,0.0053,2,0,0,0,0.00352112676056338,0.14,NA,0.0042,1.096248,2.0057069418489766,1.8944185316320783
5500,Hunter Renfrow,hunter renfrow,00-0034983,RenfHu00,glm_pair,term_ll_final,aavPerc_rl_final,30,7,CAR,1.0792814180894021,1,0.9371286211060434,0.00662937062163254,1999333.9970002903,0.006457748601396375,1947574.9750243037,301587301.5873016,1,0.9371286211060434,0.05083594687485228,0.00843364968196954,0.0028289574979276752,7.72824839206978e-4,1,1220000,0.0044,26,15,89,2,0.05416666666666667,0.4916666666666667,NA,0.0042,1.22,1.9993339970002904,1.9475749750243037
5581,Shaq Davis,shaq davis,NA,NA,glm_pair,term_ll_final,aavPerc_rl_final,25,NA,PHI,1.4884683624630093,1,0.7137493306818196,0.006597108101363905,1989604.0305700672,0.005322734536320843,1605269.14587454,301587301.5873016,1,0.7137493306818196,0.09545456166510935,0.1814241614629881,0.007322306888407989,0.002049639301674956,2,927500,0.0036,NA,NA,NA,NA,NA,NA,NA,0.0042,0.9275,1.9896040305700673,1.60526914587454
5534,Kazmeir Allen,kazmeir allen,00-0038830,AlleKa00,glm_pair,term_ll_final,aavPerc_rl_final,26,3,WAS,1.2183528824281709,1,0.8380130970375173,0.0065613911064825595,1978832.2384629943,0.006043940065893204,1822775.5754281094,301587301.5873016,1,0.8380130970375173,0.12000323705940855,0.03018230357076187,0.009220411102010885,0.0025809512303014803,3,903333,0.004,NA,NA,NA,NA,NA,NA,NA,0.0042,0.903333,1.9788322384629944,1.8227755754281094
5597,Tyler Adams,tyler adams,00-0038531,NA,glm_pair,term_ll_final,aavPerc_rl_final,NA,3,IND,1.2994008525663585,1,0.8046865764657668,0.006530020585333966,1969371.2876404026,0.00577946096823791,1743012.038040005,301587301.5873016,1,0.8046865764657668,0.10362523992603614,0.08151402162389637,0.007949078544673612,0.0022250834396271195,3,898333,0.004,NA,NA,NA,NA,NA,NA,NA,0.0042,0.898333,1.9693712876404026,1.743012038040005
5598,Tyler Hudson,tyler hudson,00-0038356,NA,glm_pair,term_ll_final,aavPerc_rl_final,25,3,LA,1.3220723579005704,1,0.7899598651600277,0.006508820861336194,1962977.7200855187,0.005701202814065053,1719410.3724958098,301587301.5873016,1,0.7899598651600277,0.11135356784979032,0.08773583071512188,0.00855581647970413,0.002394919795355995,3,898333,0.004,NA,NA,NA,NA,NA,NA,NA,0.0042,0.898333,1.9629777200855187,1.7194103724958099
5573,Rondale Moore,rondale moore,00-0036936,MoorRo02,glm_pair,term_ll_final,aavPerc_rl_final,25,5,MIN,1.1974563170183998,1,0.8623700923876825,0.006479448964219919,1954119.5288917217,0.005976441387548901,1802418.8311655417,301587301.5873016,1,0.8623700923876825,0.0926274566433057,0.0329564375419018,0.009268068417148612,0.0027779450099612232,1,2000000,0.0072,NA,NA,NA,NA,NA,NA,NA,0.0042,2,1.9541195288917217,1.8024188311655416
5482,Demetric Felton,demetric felton,NA,NA,glm_pair,term_ll_final,aavPerc_rl_final,27,NA,WAS,1.3810392440772783,1,0.7766843628560747,0.006453678807560843,1946347.5768834285,0.005459694855210215,1646574.6388729222,301587301.5873016,1,0.7766843628560747,0.07449071365154994,0.14152313667551003,0.005704890192753855,0.0015968966241116664,1,1030000,0.0037,NA,NA,NA,NA,NA,NA,NA,0.0042,1.03,1.9463475768834284,1.646574638872922
5516,Johnny Johnson,johnny johnson,NA,NA,glm_pair,term_ll_final,aavPerc_rl_final,26,NA,HOU,1.4277588437362583,1,0.7492974887992979,0.006440922908325174,1942500.559653624,0.005324979518235994,1605946.2039124428,301587301.5873016,1,0.7492974887992979,0.0836560124716997,0.15883296096102975,0.006417241729393149,0.0017962960385797878,1,840000,0.003,NA,NA,NA,NA,NA,NA,NA,0.0042,0.84,1.942500559653624,1.6059462039124428
5474,David Bell,david bell,00-0037257,BellDa02,glm_pair,term_ll_final,aavPerc_rl_final,25,4,CLE,1.1079453330746292,1,0.9184757254133259,0.0064123565644264675,1933885.3130809984,0.006164173206109596,1859036.3637473385,301587301.5873016,1,0.9184757254133259,0.06158660543067676,0.014671091981763654,0.004049765016509433,0.0012168121577241973,4,1273726,0.00609999999999999,3,3,27,0,0.00473186119873817,0.13,NA,0.0042,1.273726,1.9338853130809983,1.8590363637473386
5467,Cody Chrest,cody chrest,00-0038430,NA,glm_pair,term_ll_final,aavPerc_rl_final,NA,3,IND,1.2918896427831053,1,0.8095864960387273,0.006386392356004866,1926054.837525277,0.005654662380476369,1705374.3687150956,301587301.5873016,1,0.8095864960387273,0.10102554487088639,0.07946904108544581,0.007749656278434855,0.002169261726505654,3,898333,0.004,NA,NA,NA,NA,NA,NA,NA,0.0042,0.898333,1.9260548375252768,1.7053743687150955
5574,Russell Gage,russell gage,00-0034411,GageRu00,glm_pair,term_ll_final,aavPerc_rl_final,30,8,SF,1.1327587346351733,1,0.8976450829160231,0.006369845387833031,1921064.4820448821,0.006072667202750847,1831439.315115335,301587301.5873016,1,0.8976450829160231,0.07957137019221269,0.016627528883876034,0.004691765356343625,0.001464252651544452,1,1170000,0.0042,NA,NA,NA,NA,NA,0.37,NA,0.0042,1.17,1.9210644820448821,1.831439315115335
5547,Mac Hippenhammer,mac hippenhammer,00-0038887,NA,glm_pair,term_ll_final,aavPerc_rl_final,27,3,CIN,1.2663519641364274,1,0.8239189185690423,0.006244953205147689,1883398.5856794622,0.005580711720389531,1683071.7886889065,301587301.5873016,1,0.8239189185690423,0.09749490232474806,0.06899833217739584,0.007490990258367323,0.002096856670446398,3,898333,0.004,NA,NA,NA,NA,NA,NA,NA,0.0042,0.898333,1.8833985856794622,1.6830717886889064
5569,Ray-Ray McCloud,ray ray mccloud,00-0034407,McClRa00,glm_pair,term_ll_final,aavPerc_rl_final,29,8,ATL,1.0668218566674004,1,0.9536389525093173,0.006060639851774329,1827812.0187890835,0.005888484513348108,1775892.1548192708,301587301.5873016,1,0.9536389525093173,0.031094604661714473,0.010906265921859113,0.0035259874664694494,8.341894406398057e-4,2,2500000,0.0098,39,25.333333333333332,274.6666666666667,0.3333333333333333,0.07307116225365606,0.6370588235294118,7.885057471264368,0.0042,2.5,1.8278120187890834,1.7758921548192708
5450,Austin Watkins,austin watkins,NA,NA,glm_pair,term_ll_final,aavPerc_rl_final,27,NA,PHI,1.3949414341009745,1,0.7684461164871534,0.0060371818059391374,1820737.3700451367,0.005007159961019605,1510095.861259881,301587301.5873016,1,0.7684461164871534,0.07739720700563554,0.14658231170153593,0.005917855530433771,0.0016565092752413623,2,902500,0.00349999999999999,NA,NA,NA,NA,NA,NA,NA,0.0042,0.9025,1.8207373700451366,1.510095861259881
5589,Taylor Grimes,taylor grimes,00-0038789,NA,glm_pair,term_ll_final,aavPerc_rl_final,26,3,DEN,1.3098078298753337,1,0.7979584068208178,0.006016531936126379,1814509.6315301785,0.005239667700803855,1580217.2430995754,301587301.5873016,1,0.7979584068208178,0.10711275359409944,0.08439515360667971,0.00822997484573737,0.002303711132665614,3,899000,0.004,NA,NA,NA,NA,NA,NA,NA,0.0042,0.899,1.8145096315301785,1.5802172430995753
5498,Gavin Holmes,gavin holmes,00-0038962,NA,glm_pair,term_ll_final,aavPerc_rl_final,27,3,TEN,1.2982107329247317,1,0.7956578178488475,0.005990483343590541,1806653.7067971476,0.0052777546160622775,1591703.7730981472,301587301.5873016,1,0.7956578178488475,0.12165556957561272,0.07351130822147413,0.007168670510091771,0.0020066338439738538,3,898333,0.004,NA,NA,NA,NA,NA,NA,NA,0.0042,0.898333,1.8066537067971475,1.5917037730981471
5503,Jadon Haselwood,jadon haselwood,00-0038483,NA,glm_pair,term_ll_final,aavPerc_rl_final,25,3,PHI,1.312791696547906,1,0.7960135606766128,0.005976491059991218,1802433.8117433838,0.0051921429070240065,1565884.3687850179,301587301.5873016,1,0.7960135606766128,0.10814192473285675,0.08520961782975138,0.008309050887569218,0.00232584587320975,3,902500,0.004,NA,NA,NA,NA,NA,NA,NA,0.0042,0.9025,1.8024338117433838,1.565884368785018
5558,Mike Williams,mike williams,00-0033536,WillMi07,glm_pair,term_ll_final,aavPerc_rl_final,31,9,LAC,1.065216465385433,1,0.9573324130050198,0.005947286576750522,1793626.11044857,0.00576510696532946,1738683.053035869,301587301.5873016,1,0.9573324130050198,0.02653992802774062,0.010904058630778408,0.00402598124971041,0.0011976190867509814,1,3000000,0.0107,34,21,298,1,0.05772495755517826,0.4066666666666666,NA,0.0042,3,1.79362611044857,1.738683053035869
5549,Malik Flowers,malik flowers,00-0038904,FlowMa01,glm_pair,term_ll_final,aavPerc_rl_final,26,3,NO,1.3118664262689286,1,0.7842579319627493,0.005924486229593391,1786749.8152741971,0.005186379849543295,1564146.3038305177,301587301.5873016,1,0.7842579319627493,0.1310683315335399,0.07527796472098025,0.007340921837493844,0.0020548499452366794,3,898667,0.004,NA,NA,NA,NA,NA,NA,NA,0.0042,0.898667,1.7867498152741972,1.5641463038305177
5517,Johnny King,johnny king,00-0038434,NA,glm_pair,term_ll_final,aavPerc_rl_final,26,3,IND,1.2751118796940695,1,0.8205318847803325,0.005895087763027943,1777883.6110719193,0.005205416791446532,1569887.603769589,301587301.5873016,1,0.8205318847803325,0.09521758030735011,0.07490185609148577,0.007304128079579211,0.0020445507412525455,3,900000,0.004,NA,NA,NA,NA,NA,NA,NA,0.0042,0.9,1.7778836110719194,1.569887603769589
5520,Jose Barbon,jose barbon,00-0038730,NA,glm_pair,term_ll_final,aavPerc_rl_final,26,3,DAL,1.2746563108382272,1,0.8360555606628576,0.005876704316228852,1772339.396957908,0.00513406021615901,1548367.3667781143,301587301.5873016,1,0.8360555606628576,0.06642081552361956,0.08670204849383473,0.00845490295181446,0.002366672367873711,3,899333,0.004,NA,NA,NA,NA,NA,NA,NA,0.0042,0.899333,1.772339396957908,1.5483673667781144
5445,Ajou Ajou,ajou ajou,00-0039957,NA,glm_pair,term_ll_final,aavPerc_rl_final,24,1,IND,1.3278284882255718,1,0.7861531063855053,0.005835119103120085,1759797.8247505026,0.0050131483985304095,1511901.8979694888,301587301.5873016,1,0.7861531063855053,0.11346387395182624,0.08922475159469595,0.008717961187535808,0.0024403068804365914,1,840000,0.003,NA,NA,NA,NA,NA,NA,NA,0.0042,0.84,1.7597978247505026,1.5119018979694887
5459,Brian Cobbs,brian cobbs,00-0039011,NA,glm_pair,term_ll_final,aavPerc_rl_final,26,3,ARI,1.2905203393699465,1,0.8105365773927847,0.005814487179429176,1753575.4985580053,0.005085987935644524,1533869.3774166026,301587301.5873016,1,0.8105365773927847,0.10044474643105704,0.0791407355800783,0.007717640605587104,0.002160299990492895,3,898333,0.004,NA,NA,NA,NA,NA,NA,NA,0.0042,0.898333,1.7535754985580052,1.5338693774166026
5548,Malachi Carter,malachi carter,00-0038886,NA,glm_pair,term_ll_final,aavPerc_rl_final,26,3,CIN,1.2730303918555448,1,0.8195039153650924,0.005724631068010754,1726476.0363841956,0.005043734595336965,1521126.306530196,301587301.5873016,1,0.8195039153650924,0.09993945969930808,0.07072837526410787,0.007678817057945548,0.002149432613546081,3,898333,0.004,NA,NA,NA,NA,NA,NA,NA,0.0042,0.898333,1.7264760363841956,1.521126306530196
5530,K.J. Osborn,k j osborn,00-0036345,OsboKJ00,glm_pair,term_ll_final,aavPerc_rl_final,28,6,WAS,1.096717248986872,1,0.9255610397913605,0.005649686181040756,1703873.610155149,0.005430813348676085,1637864.3432515177,301587301.5873016,1,0.9255610397913605,0.05794952709083021,0.01153248210574596,0.004125046363703177,8.3190464836008e-4,1,1195000,0.0043,18,7,57,1,0.036,0.495,NA,0.0042,1.195,1.7038736101551488,1.6378643432515176
5487,DJ Montgomery,dj montgomery,NA,NA,glm_pair,term_ll_final,aavPerc_rl_final,29,NA,IND,1.3159939021764133,1,0.8148054808133897,0.00564041925125375,1701078.8218066867,0.004816113427939899,1452478.6528707633,301587301.5873016,1,0.8148054808133897,0.06177476899960794,0.11736441561192731,0.0047310363473496595,0.001324298227725455,1,1030000,0.0037,NA,NA,NA,NA,NA,NA,NA,0.0042,1.03,1.7010788218066868,1.4524786528707634
5526,Justin Marshall,justin marshall,00-0038929,NA,glm_pair,term_ll_final,aavPerc_rl_final,NA,3,ATL,1.3123040277136815,1,0.7962710308602093,0.005509517462336126,1661600.5045140695,0.004726608452741859,1425485.088922148,301587301.5873016,1,0.7962710308602093,0.10808703008509365,0.08502970835421668,0.008291341881767115,0.0023208888187132982,3,904167,0.004,NA,NA,NA,NA,NA,NA,NA,0.0042,0.904167,1.6616005045140696,1.4254850889221482
5602,Winston Wright,winston wright,NA,NA,glm_pair,term_ll_final,aavPerc_rl_final,NA,NA,CLE,1.433768176626525,1,0.7458325755980844,0.005490232420023295,1655784.380641946,0.004358427419437759,1314446.36459234,301587301.5873016,1,0.7458325755980844,0.08472035409059975,0.16111549843005096,0.006509461849237797,0.0018221100320273992,1,840000,0.003,NA,NA,NA,NA,NA,NA,NA,0.0042,0.84,1.655784380641946,1.31444636459234
5564,Oliver Martin,oliver martin,00-0038672,NA,glm_pair,term_ll_final,aavPerc_rl_final,27,3,JAX,1.2676875005238228,1,0.8254271478226708,0.005453598719302737,1644736.1216944766,0.004782354214640319,1442297.302828033,301587301.5873016,1,0.8254271478226708,0.09255029989433895,0.07292096761093214,0.0071110732806127655,0.001990511391445313,3,898667,0.004,NA,NA,NA,NA,NA,NA,NA,0.0042,0.898667,1.6447361216944765,1.442297302828033
5489,Dontavian Jackson,dontavian jackson,NA,NA,glm_pair,term_ll_final,aavPerc_rl_final,28,NA,MIN,1.3854388913968396,1,0.774117731332831,0.005450613754450421,1643835.8941993336,0.004445048791469968,1340570.2704433238,301587301.5873016,1,0.774117731332831,0.07534048832280797,0.1431446796696638,0.005779358964085674,0.0016177417106117663,3,898333,0.004,NA,NA,NA,NA,NA,NA,NA,0.0042,0.898333,1.6438358941993336,1.3405702704433238
5522,Josh Reynolds,josh reynolds,00-0033943,ReynJo00,glm_pair,term_ll_final,aavPerc_rl_final,31,9,NYJ,1.0186550879030087,1,0.9867887810552121,0.005448735632133542,1643269.4763577355,0.005400734114369718,1628792.8281432483,301587301.5873016,1,0.9867887810552121,0.009365900793195124,0.0025194151935003296,0.0010532551095560198,2.7264784853629466e-4,1,2750000,0.0098,22,11.666666666666666,132,0.3333333333333333,0.04423296594733105,0.7357777777777778,NA,0.0042,2.75,1.6432694763577356,1.6287928281432484
5546,Louis Rees-Zammit,louis rees zammit,NA,NA,glm_pair,term_ll_final,aavPerc_rl_final,25,NA,JAX,1.4688113414905657,1,0.7252372865877639,0.005418653673371481,1634197.1395882247,0.004195611939936732,1265343.2834729827,301587301.5873016,1,0.7252372865877639,0.09168457415877561,0.17407633902005376,0.007033111641944143,0.0019686885914625427,1,840000,0.003,NA,NA,NA,NA,NA,NA,NA,0.0042,0.84,1.6341971395882247,1.2653432834729827
5565,Pokey Wilson,pokey wilson,NA,NA,glm_pair,term_ll_final,aavPerc_rl_final,24,NA,NYJ,1.429633103319201,1,0.7481990156970666,0.005412143512010613,1632233.7575905025,0.004291310526712538,1294204.7620244164,301587301.5873016,1,0.7481990156970666,0.08402255798055784,0.159528900281812,0.006445359387235876,0.0018041666533278173,1,840000,0.003,NA,NA,NA,NA,NA,NA,NA,0.0042,0.84,1.6322337575905026,1.2942047620244164
5576,Scotty Miller,scotty miller,NA,NA,glm_pair,term_ll_final,aavPerc_rl_final,28,NA,PIT,1.3514035697215938,1,0.7941355793475553,0.005386889129488548,1624617.3565124194,0.004470085836029433,1348121.1251517339,301587301.5873016,1,0.7941355793475553,0.06850942892051151,0.1306395070708145,0.005246811985021992,0.0014686726760968097,1,1337500,0.0048,NA,NA,NA,NA,NA,NA,NA,0.0042,1.3375,1.6246173565124193,1.3481211251517338
5502,Jadakis Bonds,jadakis bonds,00-0039022,NA,glm_pair,term_ll_final,aavPerc_rl_final,26,3,GB,1.2805331390826558,1,0.8170497501117672,0.005374965589136396,1621021.3681522463,0.004671509920175443,1408868.0711640224,301587301.5873016,1,0.8170497501117672,0.09699176340553577,0.07642011925821973,0.007452331737228746,0.002086035487248559,3,898333,0.004,NA,NA,NA,NA,NA,NA,NA,0.0042,0.898333,1.6210213681522463,1.4088680711640225
5447,Anthony Miller,anthony miller,00-0034353,MillAn02,glm_pair,term_ll_final,aavPerc_rl_final,31,8,BAL,1.0498897661265811,1,0.961060397943693,0.005371021448578992,1619831.8654444579,0.0052610581802837175,1586668.3400855658,301587301.5873016,1,0.961060397943693,0.030802856372791808,0.005885314384394169,0.0016894442114837043,5.619870876374196e-4,1,1170000,0.0042,1,1,16,0,0.00218818380743982,0.07500000000000001,NA,0.0042,1.17,1.619831865444458,1.586668340085566
5603,Xavier Malone,xavier malone,00-0038928,NA,glm_pair,term_ll_final,aavPerc_rl_final,26,3,ATL,1.242282783817639,1,0.8202601774260263,0.005325638527565748,1606144.9527579239,0.004751479080486744,1432985.7544325104,301587301.5873016,1,0.8202601774260263,0.13315546074794957,0.0334895830740591,0.010230958086288645,0.002863820665676256,3,901667,0.004,NA,NA,NA,NA,NA,NA,NA,0.0042,0.901667,1.606144952757924,1.4329857544325104
5595,Trishton Jackson,trishton jackson,00-0035934,JackTr02,glm_pair,term_ll_final,aavPerc_rl_final,28,6,ARI,1.1220898843456184,1,0.9055901122348552,0.005274977228631324,1590866.1483173838,0.00500437102034426,1509254.7521673166,301587301.5873016,1,0.9055901122348552,0.07338774978857462,0.015669911633917222,0.0040465940814029934,0.0013056322612500248,1,1100000,0.0039,NA,NA,NA,NA,NA,0.08499999999999999,NA,0.0042,1.1,1.5908661483173838,1.5092547521673165
5596,Tyjon Lindsey,tyjon lindsey,00-0038763,LindTy01,glm_pair,term_ll_final,aavPerc_rl_final,27,3,SEA,1.1892910234156722,1,0.8611271882135533,0.005254472317809764,1584682.1275934207,0.004799275781681428,1447400.6325705897,301587301.5873016,1,0.8611271882135533,0.10131966924542202,0.026996750408484812,0.008247715176878072,0.002308676955661681,3,898667,0.004,NA,NA,NA,NA,NA,NA,NA,0.0042,0.898667,1.5846821275934206,1.4474006325705897
5452,Bo Melton,bo melton,00-0037091,MeltBo00,glm_pair,term_ll_final,aavPerc_rl_final,26,4,GB,1.22375343212399,1,0.8375852993670458,0.005203135211470675,1569199.508221315,0.004643091286988797,1400297.3722664625,301587301.5873016,1,0.8375852993670458,0.1188308272298078,0.02767704394439534,0.014058800829612838,0.0018480286291382333,1,1030000,0.0037,14.333333333333334,5.333333333333333,101.66666666666669,0.6666666666666666,0.03105322338830584,0.22823529411764704,NA,0.0042,1.03,1.569199508221315,1.4002973722664624
5513,Jerome Kapp,jerome kapp,00-0039033,NA,glm_pair,term_ll_final,aavPerc_rl_final,NA,3,NYJ,1.2317179232605249,1,0.8488846911180619,0.005177947890521538,1561603.332062051,0.004596899650550684,1386366.5612771907,301587301.5873016,1,0.8488846911180619,0.08011434963868916,0.06312235120507055,0.006155560941020768,0.0017230470971580042,3,898333,0.004,NA,NA,NA,NA,NA,NA,NA,0.0042,0.898333,1.561603332062051,1.3863665612771907
5515,John Hall,john hall,00-0038759,NA,glm_pair,term_ll_final,aavPerc_rl_final,28,3,SEA,1.2271794574377455,1,0.853408791001054,0.0051145730565978365,1542490.2869104585,0.004539347244813828,1369009.4865311547,301587301.5873016,1,0.853408791001054,0.07560260428837426,0.06311164712619476,0.006154271440526893,0.001722686143850248,3,901667,0.004,NA,NA,NA,NA,NA,NA,NA,0.0042,0.901667,1.5424902869104584,1.3690094865311546
5572,Robert Woods,robert woods,00-0030431,WoodRo02,glm_pair,term_ll_final,aavPerc_rl_final,33,13,PIT,1.066396490731421,1,0.9544369926600137,0.005092540748405306,1535845.622534934,0.004918837361494486,1483458.8867999245,301587301.5873016,1,0.9544369926600137,0.03009971724326292,0.010927642836174306,0.0037011012263864812,8.34546034162515e-4,1,2000000,0.0072,30,20,203,0,0.05484460694698354,0.37066666666666664,NA,0.0042,2,1.535845622534934,1.4834588867999245
5583,Steven Sims Jr.,steven sims jr,NA,NA,glm_pair,term_ll_final,aavPerc_rl_final,28,NA,SEA,1.3324601084114207,1,0.8065890370564573,0.005071150224728624,1529394.5122197438,0.004199318668693855,1266461.1857965596,301587301.5873016,1,0.8065890370564573,0.06219510652535935,0.12478827563107836,0.005021872524515795,0.0014057082625892378,1,1170000,0.0042,NA,NA,NA,NA,NA,NA,NA,0.0042,1.17,1.5293945122197439,1.2664611857965595
5592,Tre’Shaun Harrison,tre shaun harrison,00-0038844,HarrTr02,glm_pair,term_ll_final,aavPerc_rl_final,25,3,TEN,1.25792920715143,1,0.7991232513313408,0.005060947103482414,1526317.3804153313,0.004490260052585038,1354205.4126843766,301587301.5873016,1,0.7991232513313408,0.15838192085468505,0.03054960957947266,0.009332805800206219,0.0026124124342952314,3,901667,0.004,NA,NA,NA,NA,NA,NA,NA,0.0042,0.901667,1.5263173804153314,1.3542054126843766
5477,David White Jr,david white jr,00-0039562,WhitDa06,glm_pair,term_ll_final,aavPerc_rl_final,25,2,BUF,1.1905412813220244,1,0.8587310671313014,0.005023192216274364,1514930.9858605226,0.004571636450879765,1378747.5010589769,301587301.5873016,1,0.8587310671313014,0.1045005668006016,0.026508262498354435,0.008016224754256826,0.002243878815485804,1,840000,0.003,NA,NA,NA,NA,NA,NA,NA,0.0042,0.84,1.5149309858605227,1.378747501058977
5555,Mathew Sexton,mathew sexton,00-0036471,SextMa00,glm_pair,term_ll_final,aavPerc_rl_final,28,3,MIA,1.159603537180005,1,0.8814830732483796,0.004924058345399957,1485033.4692476064,0.004546306008063062,1371108.161161876,301587301.5873016,1,0.8814830732483796,0.08791569039806904,0.021997495508364554,0.006722107615540098,0.0018816332296467148,2,877500,0.0034,NA,NA,NA,NA,NA,NA,NA,0.0042,0.8775,1.4850334692476064,1.371108161161876
5604,Zach Pascal,zach pascal,00-0033251,PascZa00,glm_pair,term_ll_final,aavPerc_rl_final,31,9,NYG,1.0516940867254325,1,0.9567798737852785,0.004832278845434228,1457353.9375119098,0.004730094185431396,1426536.34163804,301587301.5873016,1,0.9567798737852785,0.03697335718851517,0.004393833319892956,0.0014786799281211924,3.7425577819201613e-4,1,1422500,0.0051,0,0,0,0,0,0.06588235294117648,NA,0.0042,1.4225,1.4573539375119098,1.42653634163804
5521,Joseph Ngata,joseph ngata,00-0038484,NgatJo01,glm_pair,term_ll_final,aavPerc_rl_final,25,3,PHI,1.2083758371650168,1,0.845376851966729,0.004777769956297149,1440914.748724537,0.0042841255576435856,1292037.8665909227,301587301.5873016,1,0.845376851966729,0.1145855270379232,0.028783764806957997,0.008792644240381661,0.00246121194800816,3,908333,0.004,NA,NA,NA,NA,NA,NA,NA,0.0042,0.908333,1.440914748724537,1.2920378665909227
5562,Nick Williams,nick williams,00-0039045,NA,glm_pair,term_ll_final,aavPerc_rl_final,NA,3,DEN,1.2522601180257709,1,0.8351916679133212,0.004721635520583702,1423985.3157315925,0.004090129717096986,1233531.1845213133,301587301.5873016,1,0.8351916679133212,0.08777409768769576,0.0684861451221683,0.00667862701352029,0.0018694622632943797,3,898333,0.004,NA,NA,NA,NA,NA,NA,NA,0.0042,0.898333,1.4239853157315925,1.2335311845213133
5556,Michael Gallup,michael gallup,00-0034764,GallMi00,glm_pair,term_ll_final,aavPerc_rl_final,30,8,WAS,1.0964899484578563,1,0.9327867694434335,0.004589169087317948,1384035.1215720796,0.004340998824541558,1309190.1216871366,301587301.5873016,1,0.9327867694434335,0.04555091989626644,0.015351099794143152,0.005008014491323432,0.0013031963748333319,1,1250000,0.0045,NA,NA,NA,NA,NA,NA,NA,0.0042,1.25,1.3840351215720796,1.3091901216871367
5490,Dontay Demus Jr.,dontay demus jr,00-0038447,DemuDo00,glm_pair,term_ll_final,aavPerc_rl_final,25,3,BAL,1.2014790196899747,1,0.8513877738319513,0.00452538352447827,1364798.2057950336,0.004042097038533172,1219045.1386052424,301587301.5873016,1,0.8513877738319513,0.10958763631091947,0.02753727282327789,0.009132430402905522,0.0023548866309457536,3,899167,0.004,NA,NA,NA,NA,NA,NA,NA,0.0042,0.899167,1.3647982057950336,1.2190451386052423
5554,Marquez Valdes-Scantling,marquez valdes scantling,00-0034272,ValdMa00,glm_pair,term_ll_final,aavPerc_rl_final,31,8,PIT,1.0393962974044852,1,0.9718937034780092,0.004494193737594043,1355391.7621315368,0.004394275486634845,1325257.6864454295,301587301.5873016,1,0.9718937034780092,0.020016395802061663,0.005412244903660383,0.0021552114699720545,5.22444346296677e-4,1,1255000,0.0045,34,15.666666666666666,217,2,0.06478114478114479,0.5011904761904762,NA,0.0042,1.255,1.3553917621315368,1.3252576864454295
5475,David Durden,david durden,00-0038734,DurdDa00,glm_pair,term_ll_final,aavPerc_rl_final,27,3,DAL,1.1432178088164697,1,0.9040499257379342,0.004466481969139183,1347034.2446610238,0.004083266672431862,1231461.3774000856,301587301.5873016,1,0.9040499257379342,0.06074327871875684,0.02531022982610408,0.007732192423314567,0.0021643732938902488,3,901667,0.004,NA,NA,NA,NA,NA,NA,NA,0.0042,0.901667,1.347034244661024,1.2314613774000855
5497,Garett Maag,garett maag,00-0039043,NA,glm_pair,term_ll_final,aavPerc_rl_final,26,3,MIN,1.2784583887837488,1,0.8184028026847431,0.004452025475049777,1342674.3496181865,0.00375377238167122,1132090.0833611616,301587301.5873016,1,0.8184028026847431,0.09627443749254308,0.07585493588704305,0.00739721622556431,0.0020706077101066054,3,898333,0.004,NA,NA,NA,NA,NA,NA,NA,0.0042,0.898333,1.3426743496181865,1.1320900833611616
5472,Daniel Arias,daniel arias,00-0038702,AriaDa00,glm_pair,term_ll_final,aavPerc_rl_final,27,3,ARI,1.1682675831754206,1,0.8751691583977319,0.004406257722571064,1328871.376648416,0.0040074986593937635,1208610.7068012939,301587301.5873016,1,0.8751691583977319,0.09247746713109949,0.02325895232113679,0.007105477198080168,0.001988944951951718,3,902333,0.004,NA,NA,NA,NA,NA,NA,NA,0.0042,0.902333,1.3288713766484161,1.208610706801294
5578,Sean Ryan,sean ryan,00-0038455,RyanSe01,glm_pair,term_ll_final,aavPerc_rl_final,27,3,BAL,1.1659103348469633,1,0.876917594723344,0.004382580998607519,1321730.7773578232,0.003989408598011242,1203154.9740033904,301587301.5873016,1,0.876917594723344,0.09118266110937488,0.022932655874125577,0.0070059911832841696,0.001961097109871279,3,900000,0.004,NA,NA,NA,NA,NA,NA,NA,0.0042,0.9,1.3217307773578233,1.2031549740033904
5535,Kearis Jackson,kearis jackson,00-0038969,JackKe02,glm_pair,term_ll_final,aavPerc_rl_final,26,3,HOU,1.1841256240331526,1,0.8632961890254448,0.004273318688501327,1288778.652087702,0.0038374163096309096,1157316.0298886872,301587301.5873016,1,0.8632961890254448,0.10138703575948019,0.02538402433908899,0.007760463908449926,0.002172286967536171,1,840000,0.003,NA,NA,NA,NA,NA,NA,NA,0.0042,0.84,1.288778652087702,1.157316029888687
5545,Lideatrick Griffin,lideatrick griffin,00-0039541,GrifLi00,glm_pair,term_ll_final,aavPerc_rl_final,25,2,GB,1.213408208779287,1,0.8424561686833626,0.0042455912736136065,1280416.415851723,0.003735178503890295,1126482.4059351685,301587301.5873016,1,0.8424561686833626,0.1161451606423572,0.02942362294783902,0.009484388664512986,0.0024906590619281992,1,840000,0.003,NA,NA,NA,NA,NA,NA,NA,0.0042,0.84,1.2804164158517228,1.1264824059351686
5585,T.J. Luther,t j luther,00-0038502,LuthTJ00,glm_pair,term_ll_final,aavPerc_rl_final,25,3,CAR,1.1719955814675103,1,0.8723155962579635,0.004192195312931795,1264312.8721540333,0.003784952475137706,1141493.603612959,301587301.5873016,1,0.8723155962579635,0.09468423351842917,0.02371895845667594,0.007251416031996402,0.0020297957349349974,1,840000,0.003,NA,NA,NA,NA,NA,NA,NA,0.0042,0.84,1.2643128721540333,1.1414936036129588
5484,Dez Fitzpatrick,dez fitzpatrick,00-0036627,FitzDe00,glm_pair,term_ll_final,aavPerc_rl_final,28,5,LAC,1.1042266961410634,1,0.9224774723311548,0.004044992958951774,1219918.5114299,0.0037996856078054094,1145936.9293381395,301587301.5873016,1,0.9224774723311548,0.05751594837944788,0.014594825207910273,0.004125918980153135,0.0012858351013339047,1,1030000,0.0037,NA,NA,NA,NA,NA,0.13,NA,0.0042,1.03,1.2199185114299,1.1459369293381394
5560,Miles Boykin,miles boykin,00-0035703,BoykMi00,glm_pair,term_ll_final,aavPerc_rl_final,29,7,CHI,1.1012355896520971,1,0.9283749120546584,0.003961562188057122,1194756.850366434,0.0037079000531509937,1118255.5715852205,301587301.5873016,1,0.9283749120546584,0.0493972578780656,0.016224696953794845,0.0046235945874834915,0.0013795385259977755,1,1170000,0.0042,NA,NA,NA,NA,NA,NA,NA,0.0042,1.17,1.194756850366434,1.1182555715852205
5501,Jacob Harris,jacob harris,00-0036918,HarrJa03,glm_pair,term_ll_final,aavPerc_rl_final,28,5,TB,1.1147542366515784,1,0.9183312474478877,0.00390671298551197,1178215.027376626,0.003620387193046004,1091862.8042519696,301587301.5873016,1,0.9183312474478877,0.056956954945583324,0.017840795390500715,0.005368317939120179,0.0015026842769082184,1,1100000,0.0039,NA,NA,NA,NA,NA,NA,NA,0.0042,1.1,1.1782150273766259,1.0918628042519696
5458,Braylon Sanders,braylon sanders,00-0037355,SandBr00,glm_pair,term_ll_final,aavPerc_rl_final,27,4,WAS,1.1554212370351977,1,0.8846413139771013,0.0038865647088040926,1172138.562972663,0.0035185327993560458,1061144.8125042045,301587301.5873016,1,0.8846413139771013,0.08551134663977827,0.02146527948626588,0.006548908164531943,0.0018331517323228537,1,960000,0.0034,NA,NA,NA,NA,NA,NA,NA,0.0042,0.96,1.172138562972663,1.0611448125042044
5532,Kaden Davis,kaden davis,00-0037380,DaviKa02,glm_pair,term_ll_final,aavPerc_rl_final,27,4,CLE,1.0490344701423715,1,0.9590076016911373,0.0038673615561178524,1166347.1359720505,0.003769728266458633,1136902.1755986353,301587301.5873016,1,0.9590076016911373,0.03511928125085787,0.003924198285066844,0.0017288827703725816,2.2003600256552638e-4,1,840000,0.003,0,0,0,0,0,0.09000000000000001,NA,0.0042,0.84,1.1663471359720505,1.1369021755986353
5590,Thayer Thomas,thayer thomas,00-0038810,ThomTh01,glm_pair,term_ll_final,aavPerc_rl_final,27,3,MIN,1.1813866482623352,1,0.8654365635797749,0.0037949020059570133,1144494.2557648136,0.003365053644332591,1014857.4482907815,301587301.5873016,1,0.8654365635797749,0.09968773819718335,0.025072203355888542,0.007659476115237005,0.002144018751915994,3,901667,0.004,NA,NA,NA,NA,NA,NA,NA,0.0042,0.901667,1.1444942557648137,1.0148574482907815
5486,DJ Chark,dj chark,00-0034777,CharDJ00,glm_pair,term_ll_final,aavPerc_rl_final,29,8,ATL,1.0869148150441625,1,0.9322835277978938,0.0037822685269059122,1140684.1589081325,0.0035916767963116284,1083204.1131733484,301587301.5873016,1,0.9322835277978938,0.05304683564107162,0.010843026731941081,0.0031245133771655863,7.020964519279637e-4,1,1300000,0.0047,10,4,31,1,0.02036659877800407,0.21714285714285717,NA,0.0042,1.3,1.1406841589081325,1.0832041131733483
5599,Tyler Johnson,tyler johnson,00-0036427,JohnTy00,glm_pair,term_ll_final,aavPerc_rl_final,27,6,NYJ,1.0546566315643806,1,0.9624927896173899,0.0035044713061018694,1056904.0446973892,0.003356390835188172,1012244.8550567504,301587301.5873016,1,0.9624927896173899,0.025740906306437654,0.007196255577382867,0.0037569798919806292,8.130686068088623e-4,1,1170000,0.0042,25.666666666666668,16.666666666666668,228.33333333333337,1,0.05068558956525371,0.3988888888888889,NA,0.0042,1.17,1.0569040446973892,1.0122448550567504
5499,Grant DuBose,grant dubose,00-0038507,DuboGr00,glm_pair,term_ll_final,aavPerc_rl_final,24,3,BUF,1.2163221134763844,1,0.8149534644251413,0.0034891521465474236,1052283.9807047786,0.003081906840763468,929463.9678493,301587301.5873016,1,0.8149534644251413,0.16143800814253392,0.017044562833449437,0.005460878728550628,0.001103085870324887,1,840000,0.003,4,2,11,0,0.00704225352112676,0.22666666666666668,NA,0.0042,0.84,1.0522839807047786,0.9294639678493
5483,Deon Cain,deon cain,00-0034406,CainDe00,glm_pair,term_ll_final,aavPerc_rl_final,29,8,BUF,1.110475612599982,1,0.9207512458458638,0.003440994690627445,1037760.303522563,0.0031666079504483707,955008.7469606198,301587301.5873016,1,0.9207512458458638,0.05615829033864761,0.01634660305558372,0.005351326889452784,0.001392533870452135,1,960000,0.0034,NA,NA,NA,NA,NA,NA,NA,0.0042,0.96,1.0377603035225629,0.9550087469606198
5505,Jaelen Gill,jaelen gill,00-0039659,GillJa01,glm_pair,term_ll_final,aavPerc_rl_final,26,2,CLE,1.181954116924896,1,0.8649570491698376,0.003398457216558572,1024931.5415017917,0.0029674681371086604,894950.7080168977,301587301.5873016,1,0.8649570491698376,0.10011047167161903,0.025103405123696243,0.007679461133504008,0.0021496129013430804,1,840000,0.003,NA,NA,NA,NA,NA,NA,NA,0.0042,0.84,1.0249315415017917,0.8949507080168977
5551,Malik Knowles,malik knowles,00-0038806,KnowMa00,glm_pair,term_ll_final,aavPerc_rl_final,25,3,SF,1.1932008750890124,1,0.8566179696589704,0.0032563682093961106,982079.3012464462,0.002798726890940734,844060.4909186341,301587301.5873016,1,0.8566179696589704,0.10628009711749059,0.026667111315745506,0.008152732291143354,0.0022820896166501755,1,840000,0.003,NA,NA,NA,NA,NA,NA,NA,0.0042,0.84,0.9820793012464462,0.8440604909186341
5525,Julian Hicks,julian hicks,00-0039329,HickJu01,glm_pair,term_ll_final,aavPerc_rl_final,26,2,GB,1.1728178250408265,1,0.8717378345487123,0.0032434407954713127,978180.5573643642,0.0028340925675462173,854726.329894891,301587301.5873016,1,0.8717378345487123,0.09508371819496478,0.023842911322455123,0.00729385953451947,0.0020416763993482494,1,840000,0.003,NA,NA,NA,NA,NA,NA,NA,0.0042,0.84,0.9781805573643642,0.8547263298948911
5468,Collin Johnson,collin johnson,00-0036254,JohnCo01,glm_pair,term_ll_final,aavPerc_rl_final,28,6,LV,1.090415312634672,1,0.9274120607326658,0.0031898051737685416,962004.7349460683,0.0030010570937543017,905080.7108147895,301587301.5873016,1,0.9274120607326658,0.05887664639438109,0.010272227530470208,0.0027620501905805607,6.770151519022178e-4,1,1170000,0.0042,2,1,6,0,0.00380228136882129,0.05444444444444445,NA,0.0042,1.17,0.9620047349460683,0.9050807108147895
5469,Cornell Powell,cornell powell,00-0036647,PoweCo00,glm_pair,term_ll_final,aavPerc_rl_final,28,5,HOU,1.1347074044797933,1,0.9029700277234974,0.0031823934731549383,959769.4601578385,0.0028508592108693652,859782.9366113959,301587301.5873016,1,0.9029700277234974,0.06895637962495725,0.02019319219732689,0.006156961356692052,0.0017234390975265068,1,960000,0.0034,NA,NA,NA,NA,NA,NA,NA,0.0042,0.96,0.9597694601578385,0.8597829366113959
5514,Jesse Matthews,jesse matthews,00-0038726,MattJe00,glm_pair,term_ll_final,aavPerc_rl_final,26,3,ATL,1.2009218968536666,1,0.8508415601169064,0.0031784470084607348,958579.2565199041,0.002702713836994844,815104.1730619371,301587301.5873016,1,0.8508415601169064,0.11060828213341015,0.027708026472813035,0.008470963332851807,0.0023711679440187278,1,840000,0.003,NA,NA,NA,NA,NA,NA,NA,0.0042,0.84,0.9585792565199042,0.815104173061937
5553,Marquez Callaway,marquez callaway,00-0036219,CallMa01,glm_pair,term_ll_final,aavPerc_rl_final,27,6,LV,1.1250990171633155,1,0.901368303771057,0.0031210899978035152,941281.1104486793,0.002849070352113103,859243.439526174,301587301.5873016,1,0.901368303771057,0.0790437748250135,0.0140500124328403,0.004196418411735179,0.0013414905593539534,1,1170000,0.0042,NA,NA,NA,NA,NA,0.04,NA,0.0042,1.17,0.9412811104486793,0.859243439526174
5561,Montrell Washington,montrell washington,00-0037272,WashMo00,glm_pair,term_ll_final,aavPerc_rl_final,27,4,NYG,1.0664900130116561,1,0.9449940174052316,0.003035510880054645,915471.5352545757,0.0029020878924766497,875232.8564612119,301587301.5873016,1,0.9449940174052316,0.046457346150339106,0.006140575864270115,0.001880727187859208,5.273333922998544e-4,1,1030000,0.0037,0,0,0,0,0,0.07,NA,0.0042,1.03,0.9154715352545757,0.875232856461212
5504,Jadon Janke,jadon janke,00-0039604,NA,glm_pair,term_ll_final,aavPerc_rl_final,26,2,GB,1.1656241910333152,1,0.8770386217171873,0.003020176556729886,910846.8980613942,0.0026280302308953887,792580.5458255935,301587301.5873016,1,0.8770386217171873,0.09119244262595505,0.022829998939473906,0.006983996341123185,0.0019549403762606377,1,840000,0.003,NA,NA,NA,NA,NA,NA,NA,0.0042,0.84,0.9108468980613942,0.7925805458255936
5508,Jalen Reagor,jalen reagor,00-0036387,ReagJa00,glm_pair,term_ll_final,aavPerc_rl_final,27,6,LAC,1.1123014014757466,1,0.9144047337985456,0.0029615210710402023,893157.1484089498,0.002705231663398695,815863.5175329399,301587301.5873016,1,0.9144047337985456,0.06556253201800098,0.014340369634507348,0.004711328007052603,9.810365418933516e-4,1,1337500,0.0048,12,7,100,0,0.02443991853360488,0.28250000000000003,NA,0.0042,1.3375,0.8931571484089499,0.81586351753294
5542,Kyle Philips,kyle philips,00-0037273,PhilKy01,glm_pair,term_ll_final,aavPerc_rl_final,26,4,LV,1.1735126413755947,1,0.875087964698815,0.0027003447236979773,814389.6785755806,0.002273017247984436,685513.1382810205,301587301.5873016,1,0.875087964698815,0.08869812302621467,0.02605004948681783,0.007941031776865549,0.002222831011286951,1,1030000,0.0037,NA,NA,NA,NA,NA,NA,NA,0.0042,1.03,0.8143896785755806,0.6855131382810205
5449,Austin Mack,austin mack,00-0035869,MackAu01,glm_pair,term_ll_final,aavPerc_rl_final,28,6,ATL,1.159976364057079,1,0.8820995076235288,0.0026727849859487745,806078.0116353448,0.0022884178476962756,690157.7635909403,301587301.5873016,1,0.8820995076235288,0.08687228676091775,0.021843083897583958,0.0073225773708843365,0.001862544347085067,2,984500,0.0039,NA,NA,NA,NA,NA,NA,NA,0.0042,0.9845,0.8060780116353449,0.6901577635909403
5552,Malik Taylor,malik taylor,00-0035480,TaylMa01,glm_pair,term_ll_final,aavPerc_rl_final,30,7,DET,1.1028995306887286,1,0.9235542046649564,0.0026396690351209806,796090.6613856924,0.002396372342491903,722715.468370574,301587301.5873016,1,0.9235542046649564,0.056724455459027136,0.014197093860207812,0.004316096553949462,0.0012081494618592869,1,1100000,0.0039,NA,NA,NA,NA,NA,NA,NA,0.0042,1.1,0.7960906613856924,0.722715468370574
5586,Tarik Black,tarik black,00-0036491,BlacTa00,glm_pair,term_ll_final,aavPerc_rl_final,28,5,MIA,1.1297892127983784,1,0.9037349340697832,0.002627185824452872,792325.8835651518,0.002319431217775092,699511.0021861389,301587301.5873016,1,0.9037349340697832,0.07130135280133684,0.017917095157105625,0.005532802204267768,0.0015138157675067309,1,840000,0.003,NA,NA,NA,NA,NA,NA,NA,0.0042,0.84,0.7923258835651519,0.6995110021861389
5594,Trenton Irwin,trenton irwin,00-0035341,IrwiTr00,glm_pair,term_ll_final,aavPerc_rl_final,30,7,JAX,1.0689780796195787,1,0.944747197366178,0.0025672452476961935,774248.5667655189,0.0024227889836226178,730682.3918861863,301587301.5873016,1,0.944747197366178,0.04466123295948478,0.00792771093681796,0.002194010163619173,4.698485739000804e-4,1,1170000,0.0042,10,3,15,0,0.01592356687898089,0.2914285714285714,NA,0.0042,1.17,0.7742485667655189,0.7306823918861863
5464,Chase Cota,chase cota,00-0038651,CotaCh00,glm_pair,term_ll_final,aavPerc_rl_final,26,3,CLE,1.1663387028296754,1,0.87655345285044,0.002509089473453654,756709.5237399909,0.002115077473052218,637880.5077459071,301587301.5873016,1,0.87655345285044,0.09150317503991842,0.02295938205472412,0.0070191965393614185,0.001964793515556131,1,840000,0.003,NA,NA,NA,NA,NA,NA,NA,0.0042,0.84,0.7567095237399909,0.6378805077459071
5543,Lance McCutcheon,lance mccutcheon,00-0037055,McCuLa01,glm_pair,term_ll_final,aavPerc_rl_final,27,4,PIT,1.150151922381125,1,0.888668554280717,0.0024121009454619643,727459.0152980528,0.0020563675425936123,620174.338242518,301587301.5873016,1,0.888668554280717,0.08234832517478038,0.020911108804021084,0.0063066673636242585,0.0017653443768573746,1,960000,0.0034,NA,NA,NA,NA,NA,NA,NA,0.0042,0.96,0.7274590152980528,0.620174338242518
5567,Racey McMath,racey mcmath,00-0036652,McMaRa00,glm_pair,term_ll_final,aavPerc_rl_final,26,5,DAL,1.1391866655908953,1,0.9096774704982161,0.002216023793312995,668324.6360785224,0.001829343493438785,551706.7678624907,301587301.5873016,1,0.9096774704982161,0.054214501496655444,0.025528569270921897,0.008402809384429905,0.0021766493497766344,2,1042500,0.0041,NA,NA,NA,NA,NA,NA,NA,0.0042,1.0425,0.6683246360785224,0.5517067678624907
5528,Juwann Winfree,juwann winfree,00-0035593,WinfJu00,glm_pair,term_ll_final,aavPerc_rl_final,29,7,HOU,1.114222507423317,1,0.9176172431066058,0.002152125815423749,649053.8173500196,0.0018715519850593554,564436.3129544088,301587301.5873016,1,0.9176172431066058,0.0586424819097709,0.017094275700724117,0.005192523019500991,0.00145347626339861,1,1170000,0.0042,NA,NA,NA,NA,NA,NA,NA,0.0042,1.17,0.6490538173500195,0.5644363129544088
5491,Easop Winston,easop winston,00-0036080,WinsEa00,glm_pair,term_ll_final,aavPerc_rl_final,29,5,NYJ,1.100868927698344,1,0.9250895110912897,0.002073822490104993,625438.5287618233,0.0018351598448323955,553460.9055843733,301587301.5873016,1,0.9250895110912897,0.055568761146631014,0.013912406259358558,0.004241931977887598,0.0011873895248332782,1,960000,0.0034,NA,NA,NA,NA,NA,NA,NA,0.0042,0.96,0.6254385287618233,0.5534609055843733
5488,Donovan Peoples-Jones,donovan peoples jones,00-0036233,PeopDo00,glm_pair,term_ll_final,aavPerc_rl_final,27,6,NO,1.1665516388852555,1,0.8723198970189807,0.001873969859589141,565165.5132094234,0.0014969577309046896,451463.4426537953,301587301.5873016,1,0.8723198970189807,0.09870011743480524,0.020863504891337706,0.006341410951731784,0.0017750697031447946,1,1170000,0.0042,NA,NA,NA,NA,NA,NA,NA,0.0042,1.17,0.5651655132094234,0.4514634426537953
5446,Alex Bachman,alex bachman,00-0035602,BachAl00,glm_pair,term_ll_final,aavPerc_rl_final,29,7,LV,1.0676010375970768,1,0.945705346861156,0.0018302077407131156,551967.4138658602,0.0016844959205118673,508022.5792019918,301587301.5873016,1,0.945705346861156,0.044824547843257304,0.0060083563319759895,0.0030872187645752894,3.745301990353857e-4,1,1030000,0.0037,3,2.3333333333333335,18.333333333333332,0,0.0057377721851406,0.09871794871794871,NA,0.0042,1.03,0.5519674138658602,0.5080225792019918
5478,Dax Milne,dax milne,00-0036671,MilnDa00,glm_pair,term_ll_final,aavPerc_rl_final,26,5,CAR,1.14433942045675,1,0.8939076622140985,0.001830153783710562,551951.1411190585,0.001484145692905717,447599.4946858512,301587301.5873016,1,0.8939076622140985,0.07756202022884572,0.020567464206024864,0.006208941588270051,0.0017539117627610522,1,1030000,0.0037,NA,NA,NA,NA,NA,NA,NA,0.0042,1.03,0.5519511411190585,0.4475994946858512
5557,Mike Strachan,mike strachan,00-0036482,StraMi03,glm_pair,term_ll_final,aavPerc_rl_final,28,5,WAS,1.119837658974737,1,0.9126014714161748,0.0016411987404388636,494964.6994974352,0.001350890482601305,407411.4153876952,301587301.5873016,1,0.9126014714161748,0.0632205862752168,0.017399250310954777,0.005296195913004642,0.0014824960846491837,1,1100000,0.0039,NA,NA,NA,NA,NA,NA,NA,0.0042,1.1,0.49496469949743516,0.4074114153876952
5510,Jamal Agnew,jamal agnew,00-0033572,AgneJa00,glm_pair,term_ll_final,aavPerc_rl_final,30,9,ATL,1.1169342744114927,1,0.9018276836331661,0.001621126406021871,488911.13832405634,0.0013945743983277013,420585.9296543861,301587301.5873016,1,0.9018276836331661,0.08373568909017551,0.01073105915812736,0.0030858054690616524,6.197626494693623e-4,1,2500000,0.009,0,0,0,0,0,0.00181818181818181,NA,0.0042,2.5,0.48891113832405636,0.4205859296543861
5593,Trent Taylor,trent taylor,00-0033292,TaylTr02,glm_pair,term_ll_final,aavPerc_rl_final,31,9,SF,1.0609457071726918,1,0.9501359149678669,0.0015796886654681251,476414.0419665774,0.0014567946835767128,439350.7775866277,301587301.5873016,1,0.9501359149678669,0.0412729956960476,0.006549481902679651,0.0015926820623386041,4.4892537106723974e-4,1,1170000,0.0042,1,1,11,0,0.00194931773879142,0.095,NA,0.0042,1.17,0.4764140419665774,0.4393507775866277
5577,Scotty Washington,scotty washington,00-0035769,NA,glm_pair,term_ll_final,aavPerc_rl_final,28,6,BAL,1.1209338527727195,1,0.9103031305295964,0.0014658843799161502,442092.11457788665,0.0011794939032520769,355720.3835204677,301587301.5873016,1,0.9103031305295964,0.06637634323492626,0.016824702192480206,0.005075191019156249,0.0014206330238409452,1,840000,0.003,NA,NA,NA,NA,NA,NA,NA,0.0042,0.84,0.44209211457788666,0.3557203835204677
5566,Quintez Cephus,quintez cephus,00-0036277,CephQu00,glm_pair,term_ll_final,aavPerc_rl_final,27,6,HOU,1.144830668666996,1,0.8965546351494357,0.0014642710879769591,441605.56621527346,0.0011030306842591561,332660.0476337138,301587301.5873016,1,0.8965546351494357,0.07277912667140506,0.0218037978306865,0.007005815059673878,0.001856625288799021,1,1100000,0.0039,NA,NA,NA,NA,NA,NA,NA,0.0042,1.1,0.44160556621527347,0.3326600476337138
5494,Equanimeous St. Brown,equanimeous st brown,00-0034279,St.BEq00,glm_pair,term_ll_final,aavPerc_rl_final,29,8,SF,1.063371779991052,1,0.9526604397174544,0.0011803283330281808,355972.03694500687,0.0010324320306007734,311368.3901811857,301587301.5873016,1,0.9526604397174544,0.035246447229546736,0.00890032289536398,0.002446473659761618,7.463164978730924e-4,1,1170000,0.0042,NA,NA,NA,NA,NA,0.24,NA,0.0042,1.17,0.35597203694500684,0.3113683901811857
5527,Justyn Ross,justyn ross,00-0037216,RossJu00,glm_pair,term_ll_final,aavPerc_rl_final,26,4,KC,1.109000127017148,1,0.9055754911085324,0.0011517242354083745,347345.4043295098,9.514823077095583e-4,286954.9816901843,301587301.5873016,1,0.9055754911085324,0.08345674397938296,0.007928990641748176,0.0024696953270778995,5.690789432586632e-4,1,960000,0.0034,1,0,0,0,0.00174825174825174,0.09,NA,0.0042,0.96,0.34734540432950983,0.2869549816901843
5563,Noah Brown,noah brown,00-0033591,BrowNo00,glm_pair,term_ll_final,aavPerc_rl_final,30,9,WAS,1.052604759676307,1,0.9618932763691681,0.0010755824206432549,324381.9998765373,9.436239439660844e-4,284584.99897389853,301587301.5873016,1,0.9618932763691681,0.027876210575645412,0.00656411044537491,0.0030652822293342342,6.011203804773192e-4,1,3250000,0.0116,25.333333333333332,15,206.33333333333337,0.3333333333333333,0.05246913580246912,0.4836363636363636,8.089285714285714,0.0042,3.25,0.3243819998765373,0.28458499897389855
5579,Seth Williams,seth williams,00-0036657,WillSe00,glm_pair,term_ll_final,aavPerc_rl_final,25,5,LV,1.174910525149629,1,0.8729935997021213,7.288195702856218e-4,219802.72754645738,3.0020531774106556e-4,90538.11169968644,301587301.5873016,1,0.8729935997021213,0.09171367141278457,0.024801087795567823,0.00837188621239654,0.0021197548771297622,1,840000,0.003,NA,NA,NA,NA,NA,NA,NA,0.0042,0.84,0.21980272754645738,0.09053811169968644
5537,Keith Kirkwood,keith kirkwood,00-0034317,KirkKe00,glm_pair,term_ll_final,aavPerc_rl_final,31,8,BAL,1.0834524466302768,1,0.9379715018030264,6.652832744095009e-4,200640.9875203257,4.6811821833898004e-4,141178.5102927083,301587301.5873016,1,0.9379715018030264,0.046052602356738345,0.011505513354387405,0.00349271237862857,9.776701072194748e-4,1,1170000,0.0042,NA,NA,NA,NA,NA,NA,NA,0.0042,1.17,0.2006409875203257,0.14117851029270828
5479,Deandre Carter,deandre carter,00-0031763,CartDe02,glm_pair,term_ll_final,aavPerc_rl_final,32,11,CLE,1.0381668866513825,1,0.9681990901775396,4.6428642587742404e-4,140022.89034398505,3.890440515022764e-4,117330.74569116274,301587301.5873016,1,0.9681990901775396,0.02694602208025292,0.003537735652403686,0.0011232150928937887,1.9393699691013674e-4,1,1422500,0.0051,4.666666666666667,3,24,0,0.00887198986058301,0.04666666666666666,NA,0.0042,1.4225,0.14002289034398505,0.11733074569116274
5570,River Cracraft,river cracraft,00-0034054,CracRi00,glm_pair,term_ll_final,aavPerc_rl_final,31,9,WAS,1.0378510561520262,1,0.9685442610287436,4.1096666514455637e-4,123942.32758327892,3.3573846601641955e-4,101254.45800495194,301587301.5873016,1,0.9685442610287436,0.026642298261135136,0.0034611670458849684,0.0011226708578246174,2.2960280641174042e-4,1,1170000,0.0042,3,2.3333333333333335,22,0,0.00528169014084507,0.10916666666666668,NA,0.0042,1.17,0.12394232758327892,0.10125445800495195
5476,David Sills,david sills,00-0035359,SillDa01,glm_pair,term_ll_final,aavPerc_rl_final,30,7,ATL,1.1273723272868903,1,0.8976824545259383,3.0959183103532466e-4,93368.96491541539,4.169928773373839e-5,12575.975665730626,301587301.5873016,1,0.8976824545259383,0.083553123894757525,0.013647907365226282,0.003942668194631385,0.001173846019446504,1,1100000,0.0039,36,18,191,2,0.06936416184971098,0.15333333333333335,NA,0.0042,1.1,0.0933689649154154,0.012575975665730627
5533,Kawaan Baker,kawaan baker,00-0036939,BakeKa00,glm_pair,term_ll_final,aavPerc_rl_final,27,5,LV,1.149271986975557,1,0.8898183908803025,2.8980231074687975e-4,87400.69689191612,-6.629832033143359e-5,-19994.73152852759,301587301.5873016,1,0.8898183908803025,0.08106289814888502,0.020936490950700513,0.006392773155178251,0.001789446864933952,1,840000,0.003,NA,NA,NA,NA,NA,NA,NA,0.0042,0.84,0.08740069689191611,-0.01999473152852759
5454,Braxton Berrios,braxton berrios,00-0034419,BerrBr00,glm_pair,term_ll_final,aavPerc_rl_final,30,8,HOU,1.0609909475141963,1,0.9525215235487798,2.5197504997973925e-4,75992.47539071503,1.1888783345412363e-4,35855.06088298967,301587301.5873016,1,0.9525215235487798,0.03698367266623679,0.007922931843239448,0.002126076605494651,4.457953362491901e-4,1,1800000,0.0064,6.666666666666667,4,24.666666666666668,0,0.0119917819151194,0.21777777777777776,NA,0.0042,1.8,0.07599247539071503,0.03585506088298967
5538,Kelvin Harmon,kelvin harmon,00-0035297,HarmKe00,glm_pair,term_ll_final,aavPerc_rl_final,29,7,DAL,1.0935801148699582,1,0.9391300956580378,-4.522732787902205e-5,-13639.987773038407,-3.0413490443752017e-4,-91723.22514782356,301587301.5873016,1,0.9391300956580378,0.036624390394125454,0.017251341021606685,0.005523649272300671,0.0014705236539293747,1,960000,0.0034,NA,NA,NA,NA,NA,NA,NA,0.0042,0.96,-0.013639987773038407,-0.09172322514782355
5473,Dante Pettis,dante pettis,00-0034860,PettDa00,glm_pair,term_ll_final,aavPerc_rl_final,30,8,NO,1.0487932441301457,1,0.9631770473360356,-1.7840650511178816e-4,-53805.13646228531,-2.928035422644321e-4,-88305.8302067335,301587301.5873016,1,0.9631770473360356,0.028093074675185573,0.005902443724217111,0.0024144550517206523,4.1297921284098193e-4,1,1255000,0.0045,16.666666666666668,10,124.66666666666669,0.3333333333333333,0.03103222014914728,0.2508333333333333,NA,0.0042,1.255,-0.053805136462285304,-0.08830583020673351
5587,Tay Martin,tay martin,00-0037524,MartTa00,glm_pair,term_ll_final,aavPerc_rl_final,28,4,WAS,1.0245464409467635,1,0.9812026577740454,-4.957268441082459e-4,-149504.92123899484,-5.517806823157578e-4,-166410.04704760952,301587301.5873016,1,0.9812026577740454,0.014621051473647527,0.002944180660900734,8.914122143110944e-4,3.406978770952968e-4,1,840000,0.003,2,1.6666666666666667,31.666666666666668,0.3333333333333333,0.00440134414493388,0.13333333333333333,NA,0.0042,0.84,-0.14950492123899484,-0.16641004704760953
5571,Robbie Chosen,robbie chosen,00-0032688,AndeRo04,glm_pair,term_ll_final,aavPerc_rl_final,32,10,WAS,1.03713757043806,1,0.9687195096622842,-5.548680175770832e-4,-167341.14815816795,-6.261343337948105e-4,-188834.1641603397,301587301.5873016,1,0.9687195096622842,0.026680477376314193,0.0034415935018897253,0.0010597717800808178,9.864767943101642e-5,1,1255000,0.0045,7.333333333333333,3.6666666666666665,37,0,0.01623630672926447,0.31611111111111106,NA,0.0042,1.255,-0.16734114815816795,-0.18883416416033968
5453,Brandon Johnson,brandon johnson,00-0037382,JohnBr23,glm_pair,term_ll_final,aavPerc_rl_final,27,4,PIT,1.0594539242123138,1,0.9483372863128898,-0.0014517254495707895,-437821.9609816668,-0.0015596271257090374,-470363.73632494785,301587301.5873016,1,0.9483372863128898,0.04566842532196388,0.004466634564670646,0.0012583854408933794,2.6926835958211194e-4,1,1100000,0.0039,0.3333333333333333,0.3333333333333333,3,0,7.246376811594203e-4,0.1,NA,0.0042,1.1,-0.4378219609816668,-0.4703637363249479
5524,JuJu Smith-Schuster,juju smith schuster,00-0033857,SmitJu00,glm_pair,term_ll_final,aavPerc_rl_final,29,9,KC,1.0908494479224617,1,0.9449232872370502,-0.0015519802651040005,-468057.54026946053,-0.0018296765095803516,-551807.2013020108,301587301.5873016,1,0.9449232872370502,0.030220359525889626,0.015628467118287002,0.007539390315093573,0.0016884958036794144,1,1422500,0.0051,38.666666666666664,28,307,1.3333333333333333,0.06979632389468454,0.5370448179271708,7.666666666666667,0.0042,1.4225,-0.4680575402694605,-0.5518072013020108
5465,Chris Coleman,chris coleman,00-0019038,ColeCh01,glm_pair,term_ll_final,aavPerc_rl_final,48,26,MIA,1.016602816985704,1,0.9879571920816398,-0.0025889080778779207,-780781.8012647697,-0.002628499527345496,-792722.0796756259,301587301.5873016,1,0.9879571920816398,0.00847091561563054,0.0027668376008994308,6.219926390470253e-4,1.8306206278334713e-4,3,900000,0.004,NA,NA,NA,NA,NA,NA,NA,0.0042,0.9,-0.7807818012647697,-0.7927220796756259
5511,James Proche,james proche,00-0036133,ProcJa00,glm_pair,term_ll_final,aavPerc_rl_final,29,6,TEN,1.0557029038682113,1,0.9542108747300723,-0.003528718900140897,-1064216.8111536037,-0.00364125864581999,-1098157.369374283,301587301.5873016,1,0.9542108747300723,0.03825880863042795,0.005470000252332988,0.001737170815549767,3.2314557161705805e-4,1,1170000,0.0042,9,5,50.333333333333336,0,0.01667162668888756,0.2081481481481481,NA,0.0042,1.17,-1.0642168111536037,-1.098157369374283
5463,Cedrick Wilson,cedrick wilson,00-0020452,WilsCe00,glm_pair,term_ll_final,aavPerc_rl_final,47,25,MIA,1.0156287473226673,1,0.9890026645831572,-0.0036230850756212435,-1092676.4513778351,-0.003661975202797776,-1104405.2198913929,301587301.5873016,1,0.9890026645831572,0.00741439369489751,0.0027226227975440426,6.721676649227942e-4,1.881512594783337e-4,1,1170000,0.0042,NA,NA,NA,NA,NA,NA,NA,0.0042,1.17,-1.092676451377835,-1.104405219891393
5600,Tyler Lockett,tyler lockett,00-0032211,LockTy00,glm_pair,term_ll_final,aavPerc_rl_final,33,11,LV,1.043954071652875,1,0.970993645942353,-0.01427268934424827,-4304461.865725669,-0.014399205304498949,-4342617.472785397,301587301.5873016,1,0.970993645942353,0.01930698454322433,0.005524251521350097,0.003101887905339864,0.0010732300877326737,1,1255000,0.0045,61.333333333333336,37.666666666666664,394,1.3333333333333333,0.11253329796288314,0.5635294117647058,6.22997542997543,0.0042,1.255,-4.304461865725669,-4.342617472785397
