season,team,team_passing_yards,team_passing_tds,team_passing_epa,team_rushing_yards,team_rushing_tds,team_rushing_epa
2010,ARI,3264,10,-166.62191190159487,1388,9,-40.11929590492563
2010,ATL,3725,28,97.59886364211917,1891,14,-42.46451922423506
2010,BAL,3629,25,47.81614595297681,1831,11,-46.973756875643225
2010,BUF,3363,24,-36.755729811901944,1720,6,-47.74534296120835
2010,CAR,2635,9,-158.05366372323684,1846,7,-85.82681897991044
2010,CHI,3397,23,-42.27076026725314,1616,10,-36.92413393356113
2010,CIN,3988,26,33.518565999705615,1522,8,-75.95383122028207
2010,CLE,3203,13,-32.443026524092716,1647,13,-47.33635192001905
2010,DAL,4208,29,42.930672533705014,1786,10,-18.244210861890007
2010,DEN,4306,25,41.158313271841195,1544,13,-61.439596711918554
2010,DET,4001,26,18.13392124462318,1613,11,-39.5976649253597
2010,GB,4355,31,111.60654771944232,1606,11,-22.042018518456995
2010,HOU,4370,24,77.96902591059835,2042,20,17.24007275603685
2010,IND,4700,33,130.54233597675443,1483,13,-22.63100621825154
2010,JAX,3356,26,-3.4658529194366796,2386,14,29.81472537548064
2010,KC,3189,27,44.576051934597615,2627,13,-13.692410636456518
2010,LA,3512,18,-44.42408020200839,1578,9,-63.5380920589749
2010,LAC,4746,30,170.78418693029465,1810,18,-50.15298115018357
2010,LV,3472,18,-12.704574272004846,2493,19,3.9063668245898935
2010,MIA,3752,17,-15.25539257639847,1646,8,-57.05301613265338
2010,MIN,3327,14,-80.8688900851236,1942,16,-33.538859330717244
2010,NE,4022,37,154.15953425673263,1973,19,35.72713265072406
2010,NO,4636,33,83.58477284291082,1519,9,-39.59644456833614
2010,NYG,4002,31,43.217502943625455,2200,17,-62.70806250517033
2010,NYJ,3420,20,-7.09220941213027,2373,14,-15.635215039052774
2010,PHI,4215,28,52.90278545251522,2325,18,47.152938411955844
2010,PIT,3890,22,76.88226298772187,1924,15,-25.52219309674195
2010,SEA,3533,14,-39.87997477964865,1424,13,-49.3583726335678
2010,SF,3613,19,-25.857888721098703,1657,10,-34.86245403276681
2010,TB,3564,26,70.68960812909398,2001,9,-21.674732184535113
2010,TEN,3278,24,27.61488332581189,1727,13,-56.63108440564812
2010,WAS,4261,21,-22.4043316254345,1461,9,-38.20775092458274
2011,ARI,3954,21,-67.98118410171392,1625,12,-14.740825557895226
2011,ATL,4365,29,79.20891431393642,1834,14,-38.5681357694406
2011,BAL,3629,21,31.233818079193057,1996,15,-26.94471725322368
2011,BUF,3857,24,-14.973930770166687,1921,12,3.6875183252664816
2011,CAR,4089,21,52.464595075408745,2408,26,67.52464252656142
2011,CHI,3346,18,-60.71683474402725,2015,10,-35.7388912811104
2011,CIN,3507,21,-3.677669553289491,1778,10,-37.62085342875375
2011,CLE,3300,16,-58.757190154329635,1531,4,-44.72744418455838
2011,DAL,4453,33,88.93281395789863,1807,5,-41.196248009815406
2011,DEN,2708,20,-64.43466140523113,2632,11,-19.46864145857407
2011,DET,5133,41,94.84600542834393,1534,10,-15.789719511560468
2011,GB,5154,51,237.88563122226034,1558,12,-28.813680276335585
2011,HOU,3696,20,55.018400808761406,2448,18,-34.97185980789836
2011,IND,3223,14,-66.48833564080583,1594,8,-48.69915526479008
2011,JAX,2510,12,-129.84817612781305,1970,9,-54.12380030542948
2011,KC,3288,13,-31.896743004502902,1893,5,-65.90917907428025
2011,LA,3258,9,-127.66446902717645,1667,7,-58.4192394802418
2011,LAC,4624,27,102.7422132750464,1864,16,-24.394581180647616
2011,LV,4119,20,38.56543467226406,2110,16,-14.890229116410794
2011,MIA,3425,20,3.952606612573546,1987,11,-38.1279880601507
2011,MIN,3255,20,-73.07273827174372,2318,18,31.87206425709003
2011,NE,5257,39,197.45572853604529,1764,18,17.949883005300588
2011,NO,5564,46,224.62490392892278,2154,17,1.940007774094053
2011,NYG,4933,29,89.43524404839545,1427,17,-52.4814500461474
2011,NYJ,3542,26,-57.729515895390705,1692,14,-26.408731909272937
2011,PHI,4276,22,37.87625910387852,2276,20,31.46228777685075
2011,PIT,4333,21,86.96203326340337,1903,13,-18.28257793296322
2011,SEA,3444,15,-33.85551415265206,1756,15,-51.72727794476172
2011,SF,3193,18,28.716202832585466,2044,14,-42.01537757429591
2011,TB,3838,17,-45.71027456812231,1458,9,-43.05197831814402
2011,TEN,4113,22,17.077918959149528,1438,8,-44.56148598527014
2011,WAS,4058,19,-32.19184951037814,1592,8,-24.62717112528783
2012,ARI,3383,11,-187.4283778195968,1204,10,-75.3151613585965
2012,ATL,4719,32,140.8080071679022,1397,12,-58.831305433946156
2012,BAL,3996,22,10.243736701065695,1901,17,-12.47174447836801
2012,BUF,3430,24,4.373920605321221,2217,12,-6.737750880071822
2012,CAR,3927,19,55.306715150574824,2088,21,1.575585064058477
2012,CHI,3298,21,-35.6592117286879,1970,11,-25.12509232166836
2012,CIN,3807,28,2.5077894817475643,1745,11,-6.054161512748819
2012,CLE,3668,16,-39.57353750670795,1593,12,-15.115092206431164
2012,DAL,4992,29,91.26918574397078,1265,8,-35.173447437433
2012,DEN,4671,37,160.1070379526045,1832,12,-59.95730667829237
2012,DET,5139,22,47.23769929214753,1613,17,-31.723544331027128
2012,GB,4342,40,116.56832753733713,1702,9,-35.536106004274004
2012,HOU,4046,22,79.60567342002831,2123,19,-25.61289072735692
2012,IND,4374,23,12.27567650863565,1671,11,-10.124964817933247
2012,JAX,3746,20,-83.31731202893306,1369,5,-39.207572494059356
2012,KC,2937,8,-118.06390441029276,2395,9,-24.963966415634467
2012,LA,3783,22,7.723592415377346,1714,5,-34.31552880813452
2012,LAC,3606,26,-2.8154090489922505,1461,4,-54.84451319705807
2012,LV,4292,24,6.752594091834756,1420,4,-75.07913322164396
2012,MIA,3425,13,-19.38581880915974,1802,15,-31.6828702192913
2012,MIN,2935,18,-8.861507988147062,2634,16,7.172387415294745
2012,NE,4844,34,186.62781792475596,2184,25,23.26362984633556
2012,NO,5187,43,116.15252937814171,1577,10,-10.774227067489132
2012,NYG,3967,26,56.602434252741816,1862,18,-1.211378923165038
2012,NYJ,3178,14,-81.02455784186743,1896,12,-24.26153268785274
2012,PHI,4075,18,-20.899679115339595,1874,10,-54.928963135008715
2012,PIT,4012,27,57.330357509328806,1537,8,-56.85732399774909
2012,SEA,3234,27,90.68779950592554,2579,16,6.888025349702138
2012,SF,3551,23,85.14923191442426,2491,17,18.836882150864238
2012,TB,4144,27,25.185199657442,1837,13,-5.257732940363339
2012,TEN,3577,17,-38.109125260928536,1687,10,-36.89541017341222
2012,WAS,3666,24,95.68658884045637,2709,22,37.64095072229831
2013,ARI,4291,24,10.817030994019255,1540,12,-48.296146123687286
2013,ATL,4541,26,38.28415113903888,1247,11,-23.908715022571908
2013,BAL,3914,19,-43.78032331970722,1328,7,-87.0824772733226
2013,BUF,3373,16,-69.31410797939091,2307,15,-8.894589062783382
2013,CAR,3379,24,33.1253804500164,2026,14,7.889188811818805
2013,CHI,4450,32,97.99728023332877,1828,13,-6.600688001320368
2013,CIN,4318,33,68.73937487701511,1755,14,-29.80710017068133
2013,CLE,4372,26,-62.815684053827965,1383,4,-13.795837566017386
2013,DAL,4226,33,62.858861487037814,1504,12,4.278756232049744
2013,DEN,5572,55,257.50396518622523,1873,16,-22.87193821122176
2013,DET,4650,29,55.888073760595425,1792,15,-50.13426020510404
2013,GB,4538,25,52.76344005101306,2136,17,8.248223671537403
2013,HOU,4183,19,-75.14400819261388,1743,7,-28.31393839554293
2013,IND,3952,23,24.01735910544264,1743,15,-0.21135117647154056
2013,JAX,3751,16,-91.56746512262339,1260,7,-66.3050556507782
2013,KC,3561,24,26.942234110599607,2056,17,-7.301812046444141
2013,LA,3360,22,-21.106990877445707,1752,10,-53.60377080284777
2013,LAC,4478,32,173.44334986829438,1965,9,-15.532900483959082
2013,LV,3629,17,-40.55087696036974,2000,16,-18.504723191374353
2013,MIA,3966,24,-2.927463101682278,1440,8,-43.95579620339508
2013,MIN,3645,18,-55.7323965969007,2081,23,17.467643558195512
2013,NE,4343,25,71.49838269031706,2065,19,-27.485315706821012
2013,NO,5162,39,145.59499495640364,1473,10,-26.385869978842134
2013,NYG,3875,18,-59.534326657511,1332,11,-79.57333375056255
2013,NYJ,3270,13,-70.14806218309914,2158,12,-28.770303531421575
2013,PHI,4406,32,89.86374426690483,2566,19,5.913605560254172
2013,PIT,4306,28,65.0958350944708,1383,9,-63.19443056745237
2013,SEA,3508,27,79.6669757871197,2188,14,-33.26427799175938
2013,SF,3210,21,58.44059003837301,2201,18,-37.47997150772608
2013,TB,3181,22,-54.751627601681975,1612,6,-38.73699713523597
2013,TEN,3710,22,34.697998122683906,1894,16,-12.471040649243225
2013,WAS,4057,20,-25.843926310680956,2164,14,-11.04561168828785
2014,ARI,3990,21,18.740342135723775,1308,6,-65.70044513291015
2014,ATL,4758,28,73.11575078734307,1498,11,-45.94399624130458
2014,BAL,3986,27,72.34755290800261,2019,16,-25.763741140059658
2014,BUF,3856,23,-6.710149598166307,1482,7,-58.21653767102459
2014,CAR,3828,23,14.271482280248005,2036,10,-29.101412233353702
2014,CHI,4035,30,-34.89196256392273,1441,8,-11.417854594694727
2014,CIN,3551,20,-1.0490658682582303,2147,19,-10.005278051108403
2014,CLE,3678,12,-21.356714359421638,1728,17,-59.595383394823756
2014,DAL,4008,37,148.42937231258986,2354,16,-20.05933301874296
2014,DEN,4779,40,122.59116820600664,1785,15,-27.37392743193739
2014,DET,4284,22,32.462212252129035,1422,11,-54.33739334948026
2014,GB,4447,38,156.3456206095893,1917,14,-26.88282202115503
2014,HOU,3460,22,27.347562189668324,2161,12,-41.06441747219665
2014,IND,5062,42,81.44167854546941,1612,9,-70.43301890304451
2014,JAX,3451,15,-145.26883203755736,1633,9,-29.34027724827224
2014,KC,3428,18,55.5510768101125,1918,18,-7.1330646277821135
2014,LA,3695,20,-50.316644784945375,1635,11,-58.99429235376505
2014,LAC,4296,31,72.04761917942784,1367,6,-51.792953729558484
2014,LV,3456,22,-89.86968717765969,1240,4,-79.37201191589352
2014,MIA,4066,27,29.305019724184056,1872,12,-30.06787133739857
2014,MIN,3566,17,-32.61303158386419,1804,12,-4.254392932334558
2014,NE,4291,34,102.95668998603986,1727,13,-18.477568887889422
2014,NO,4952,33,99.09286441302228,1818,16,-14.285153567764663
2014,NYG,4470,30,64.64183932520103,1603,13,-57.08259835200135
2014,NYJ,3206,16,-63.29402659934494,2280,11,-30.931582795904312
2014,PHI,4581,27,48.430704680732156,1992,16,-58.24028490039603
2014,PIT,4997,33,162.29943292075347,1752,10,-46.06460154931026
2014,SEA,3492,20,41.75864261132764,2762,20,34.42787600238695
2014,SF,3407,20,3.442206039439598,2176,10,-55.19507517085769
2014,TB,3623,21,-30.40943357559492,1375,7,-44.84436322258644
2014,TEN,3738,20,-69.45352882514305,1447,6,-30.904071735933737
2014,WAS,4461,18,-17.546492955953262,1691,15,-36.43268683947334
2015,ARI,4775,35,142.46525964098925,1917,16,-27.7469323119212
2015,ATL,4602,21,72.34844252021891,1606,13,-73.04481076041117
2015,BAL,4449,21,-18.648257388418454,1478,8,-54.862547191322236
2015,BUF,3600,23,43.53203010535892,2432,19,8.106519793128054
2015,CAR,3873,35,85.86609990519874,2282,19,6.919146563638752
2015,CHI,3843,21,5.255541195294274,1854,13,-27.4487426756843
2015,CIN,4104,31,125.68454852987517,1805,18,-54.65101583478565
2015,CLE,4156,20,-37.22303268052066,1529,5,-39.195723808453366
2015,DAL,3677,16,-46.13478794334687,1890,8,-10.008070782013835
2015,DEN,4216,19,-26.848570396328753,1718,13,-44.97923971470357
2015,DET,4463,33,24.723327870647523,1335,7,-38.177854502908836
2015,GB,3825,31,-7.410608368179486,1850,8,-24.836679081330516
2015,HOU,4079,29,5.543261859931349,1731,7,-58.25913614032939
2015,IND,3928,26,-24.842735584531123,1438,6,-77.46362533454878
2015,JAX,4428,35,2.1673543335658207,1473,5,-64.88090929418895
2015,KC,3493,20,27.513570398516272,2044,19,5.571381168478954
2015,LA,2931,11,-84.26526021480669,1956,16,-58.5425000428937
2015,LAC,4855,30,74.24617151116739,1358,4,-76.27448869421747
2015,LV,4129,34,-9.781290429274977,1457,7,-41.62655356005948
2015,MIA,4231,24,0.41032867966605213,1496,11,-33.000191759396365
2015,MIN,3246,14,-5.987777484615307,2211,18,3.7961292948308163
2015,NE,4812,36,127.55207590305136,1404,14,-12.693780753458833
2015,NO,5205,32,120.20925621110624,1491,16,-31.697809578200744
2015,NYG,4500,36,62.419861169234444,1609,5,-46.43590058460178
2015,NYJ,4170,33,73.83009702011127,1868,11,-41.214747631782714
2015,PHI,4341,23,-8.604878421846788,1743,15,-42.227795778370506
2015,PIT,4822,26,67.62887780454476,1724,16,-11.137923625815361
2015,SEA,4061,34,129.0088794010115,2268,10,-31.764402398523195
2015,SF,3646,16,-58.14689586175746,1544,7,-21.80701015430707
2015,TB,4042,22,48.395813801191494,2162,12,-29.15192863283919
2015,TEN,3893,25,-61.00959418086284,1485,10,-52.97720722653666
2015,WAS,4294,30,104.4906205497105,1566,9,-70.95665420951221
2016,ARI,4425,28,19.32708969324939,1732,20,-33.14029407170747
2016,ATL,4960,38,172.49393355559928,1928,20,0.004772095608824856
2016,BAL,4343,20,-31.26573891152833,1463,10,-24.793175057310957
2016,BUF,3250,17,20.165317539858087,2630,29,43.77742129822451
2016,CAR,3962,21,-26.78540088712222,1814,16,-31.360405379202895
2016,CHI,4139,19,7.397014502923117,1735,10,-37.862160134958685
2016,CIN,4206,18,63.68831079074759,1769,17,-10.034059794278486
2016,CLE,3693,15,-36.70367194272995,1712,13,-35.286059824423184
2016,DAL,3799,25,113.29318937399735,2396,24,22.672139671064112
2016,DEN,3914,20,15.526789734062648,1484,11,-67.35255812955872
2016,DET,4327,24,73.99657127971115,1310,9,-32.494160243431125
2016,GB,4445,40,124.32931659349681,1701,11,-5.062696948825163
2016,HOU,3418,15,-57.536832348711165,1859,8,-45.98693918054728
2016,IND,4491,32,57.68345641935877,1628,13,-33.458239839705776
2016,JAX,3925,24,-45.94678742221105,1631,8,-41.75805884005932
2016,KC,3914,19,39.67847521783438,1748,15,-27.46806060121328
2016,LA,3313,14,-143.21822083871177,1252,9,-63.14108018608949
2016,LAC,4386,33,48.584379479255865,1510,10,-43.832343965810196
2016,LV,4137,29,59.35730376330116,1922,17,-33.49336057477896
2016,MIA,3716,27,40.05592836811161,1824,14,-25.53717775590209
2016,MIN,4119,20,40.90495952666238,1205,9,-98.56056271510774
2016,NE,4456,32,165.0699989133868,1872,19,-28.11824019290482
2016,NO,5258,38,116.2698458774526,1742,17,-9.462310887486606
2016,NYG,4027,26,-6.88312267542824,1412,6,-60.94104929627
2016,NYJ,3645,16,-56.279538880691106,1802,10,-15.686167575648856
2016,PHI,3798,16,10.065907391698717,1813,16,-29.21153259353885
2016,PIT,4377,33,88.75205351658737,1760,13,-13.760987789364652
2016,SEA,4422,23,59.83468625401213,1591,13,-40.10723934338586
2016,SF,3166,21,-42.01739106312349,2019,15,-19.679199308580806
2016,TB,4165,29,60.38354820125659,1616,8,-66.77562400135062
2016,TEN,3720,29,47.21608872564258,2187,16,-19.810561351048396
2016,WAS,4948,25,118.41090735966982,1696,17,-8.721707926293178
2017,ARI,3979,21,-79.08164990382774,1386,6,-81.77302357564936
2017,ATL,4146,21,74.83733650024547,1847,12,-39.86476548711535
2017,BAL,3235,20,-43.72544367783466,1856,14,-32.3140091821622
2017,BUF,3065,16,-28.273161287475034,2017,12,-34.946843299156605
2017,CAR,3319,22,-11.221023452867351,2102,15,-37.86538671834022
2017,CHI,3085,13,-61.606994263867605,1788,13,-35.60370339434523
2017,CIN,3386,25,-33.58777376191098,1366,6,-56.391704858696585
2017,CLE,3537,15,-142.87584097321448,1714,11,-3.6419224704742623
2017,DAL,3326,22,-36.44807288926489,2170,18,33.23809281150032
2017,DEN,3668,19,-89.90077867784463,1852,8,-36.82411515554115
2017,DET,4470,29,31.854686690630995,1221,10,-82.67939167219505
2017,GB,3532,25,-56.56744630724858,1724,13,15.03453342080493
2017,HOU,3644,28,-53.620021544521464,1842,8,-29.540478779700454
2017,IND,3226,13,-67.58780547800151,1661,11,-38.58222641767689
2017,JAX,3716,21,32.89932981722704,2262,18,-23.652424499541354
2017,KC,4326,26,89.69097477624452,1903,12,-9.26497681176864
2017,LA,4023,28,78.0496058078974,1953,17,-21.783393662616298
2017,LAC,4551,28,106.86068713808348,1595,10,-38.385623325688094
2017,LV,3761,23,23.031395273870984,1554,13,-39.24673329683711
2017,MIA,3792,24,-49.87475531249791,1388,4,-56.147986665829734
2017,MIN,3929,25,61.28468065940656,1957,15,-65.53568758613842
2017,NE,4619,32,138.86886062336072,1889,16,-19.637341032602208
2017,NO,4334,23,106.64644942046742,2070,23,6.532268419810826
2017,NYG,3680,20,-76.50182943699616,1549,6,-52.61681331238121
2017,NYJ,3501,19,-19.979123093451282,1702,13,-45.60597090780287
2017,PHI,3967,38,70.00297010368291,2115,9,-27.527563930794894
2017,PIT,4542,29,87.84268722955309,1667,12,-37.26498764860335
2017,SEA,3979,34,22.670681133746026,1629,4,-43.77171740827262
2017,SF,4235,15,-12.627246264545764,1662,15,-21.79132004074186
2017,TB,4607,26,56.83589549660923,1450,8,-43.48630437061547
2017,TEN,3394,14,-46.66783523711527,1833,18,-36.05477139186969
2017,WAS,4093,27,16.449299637370885,1448,10,-60.479297533698414
2018,ARI,2884,15,-170.82654263643533,1342,9,-55.615197797077506
2018,ATL,4949,36,119.27982811379003,1573,11,-32.98608856333905
2018,BAL,3708,18,14.682983977572892,2441,19,-3.54207284750021
2018,BUF,3052,13,-111.36849755744882,1984,15,-28.235495994855675
2018,CAR,4071,28,34.44048032713061,2136,17,25.750446350916246
2018,CHI,3747,28,53.01479617550879,1938,16,-16.96425167275998
2018,CIN,3569,27,10.816216381055304,1682,13,-19.322158674434824
2018,CLE,4261,29,3.186693595995129,1893,15,-14.529500230821817
2018,DAL,3885,22,23.9504307860604,1963,13,-4.0814251065457885
2018,DEN,3930,19,-14.689544926827798,1907,18,-1.2498540523445516
2018,DET,3844,22,-5.867742415598544,1660,11,-39.868522842346216
2018,GB,4629,25,26.41134974641368,1667,14,23.43171073436593
2018,HOU,4165,26,59.71004938794001,2021,12,-42.87253363641178
2018,IND,4595,39,110.03658297508377,1718,13,-24.326607286963156
2018,JAX,3431,15,-61.837913941161915,1723,7,-38.315365611641774
2018,KC,5126,50,222.13835989727238,1855,16,20.860583233025896
2018,LA,4730,32,120.21878125555756,2231,23,28.826341661981402
2018,LAC,4316,32,132.64702099537834,1873,16,-4.120666578032991
2018,LV,4057,19,-2.7580776160712626,1628,9,-50.96284026600704
2018,MIA,3309,26,-54.16800594109631,1738,7,-39.23008330604103
2018,MIN,4298,30,-10.79667924128233,1493,9,-69.90428128130719
2018,NE,4405,29,91.77821134164351,2037,18,-1.7368643778466653
2018,NO,4174,33,148.58588517387244,2025,26,-6.428648326467804
2018,NYG,4405,23,31.874429217604263,1650,13,-8.800853887141743
2018,NYJ,3404,18,-46.504492992802724,1619,11,-65.96545635908032
2018,PHI,4524,29,58.18140184706632,1570,12,-24.695163988040257
2018,PIT,5174,35,138.9913588941487,1445,16,-13.144225551808944
2018,SEA,3448,35,64.52902963982203,2560,15,18.738646298872215
2018,SF,4247,26,5.510840607999224,1902,7,-50.33778758701906
2018,TB,5358,36,101.41316847423236,1523,11,-40.08022914140107
2018,TEN,3255,16,-5.68082381908558,2023,15,-18.456376603374345
2018,WAS,3287,16,-52.60712924606384,1774,12,-11.484952010057984
2019,ARI,3797,20,5.87107285791338,1990,18,3.9212366948557977
2019,ATL,5049,29,42.523433804198184,1361,10,-39.79014250428645
2019,BAL,3350,37,141.06922211749537,3296,21,65.48963515000987
2019,BUF,3476,21,-19.234438567474022,2054,13,-18.05014529993045
2019,CAR,4134,17,-63.03101867745218,1819,20,-31.600989977620028
2019,CHI,3573,20,-30.309324108016558,1458,8,-62.15958244832187
2019,CIN,3994,18,-66.80053814226018,1517,9,-32.47349700284512
2019,CLE,3847,22,-13.097062754239632,1901,15,-23.539073847902323
2019,DAL,4902,30,124.23810016545302,2153,18,13.132384559621059
2019,DEN,3401,16,-28.33134134045632,1662,11,-32.3444643914891
2019,DET,4187,28,17.44645493569518,1649,7,-54.55554982394039
2019,GB,4017,26,59.359029773391626,1795,18,-9.007167290511566
2019,HOU,4083,27,62.30814441965606,2009,17,3.7171189098861
2019,IND,3314,22,-15.747664998399795,2130,17,19.89211406312281
2019,JAX,4023,24,-26.555724459564747,1708,3,-28.958378116558887
2019,KC,4690,30,142.49376783847617,1569,16,-19.891577143101546
2019,LA,4669,22,61.39906289311517,1499,20,-61.23563682937594
2019,LAC,4648,24,72.38647213305572,1453,12,-42.00675381245016
2019,LV,4110,22,99.2223350693191,1893,13,-36.45828672327055
2019,MIA,4117,22,-28.266259532199577,1156,10,-57.85464825889382
2019,MIN,3729,26,80.31765169133094,2133,19,-23.776900494018435
2019,NE,4153,25,28.987931422669256,1703,17,-29.88892726752682
2019,NO,4431,36,114.16628752490514,1738,12,-31.929196431186252
2019,NYG,4070,30,-48.17641067218009,1685,11,-21.407020106697466
2019,NYJ,3443,19,-77.13706665936023,1257,6,-68.93840204379056
2019,PHI,4063,27,41.254550799597034,1939,16,-35.66619512540307
2019,PIT,3214,18,-56.922422038670234,1447,7,-99.56568954788378
2019,SEA,4110,31,85.02494519224528,2200,15,-42.5521277471631
2019,SF,4029,28,86.04855879613197,2305,23,-30.169022344335676
2019,TB,5127,33,43.422229409563876,1521,15,-50.77332750062795
2019,TEN,3956,29,57.210243949271046,2223,21,4.097107285115445
2019,WAS,3205,18,-78.80948365329758,1583,9,-39.64465811051259
2020,ARI,4102,27,22.505699589272055,2237,22,28.93374210420849
2020,ATL,4620,27,69.70619305056903,1532,13,-42.03289555989449
2020,BAL,2919,27,39.063544435997514,3071,24,68.92409544312156
2020,BUF,4786,40,177.37424598023438,1723,16,-21.14797624891452
2020,CAR,4129,16,12.220879834529828,1704,19,-8.140107134597995
2020,CHI,3925,26,-7.06199656879296,1647,12,-13.008739648972277
2020,CIN,3793,19,15.570270283083772,1668,13,-46.78306225516812
2020,CLE,3701,27,92.39421495801105,2374,21,-6.814778386914023
2020,DAL,4511,25,-13.550194747103792,1788,14,-18.98596349659146
2020,DEN,3673,21,-62.66279231749522,1918,13,-37.61954037784606
2020,DET,4397,27,30.90635593178435,1499,17,-38.87968652914037
2020,GB,4299,48,184.19043211778282,2118,16,23.13913004385495
2020,HOU,4843,33,129.8895435921528,1466,10,-24.381641917861998
2020,IND,4186,24,95.44928304095703,1996,20,-18.38779508490689
2020,JAX,3955,25,-42.39578962955759,1519,9,-12.23415569850166
2020,KC,5005,40,201.9331460420896,1799,13,-0.9443257370229565
2020,LA,4183,20,22.541855432289506,2018,19,-37.192486342650945
2020,LAC,4548,31,89.72661071633948,1784,12,-58.93092457289428
2020,LV,4383,28,68.3464581011265,1916,20,-7.604624947761251
2020,MIA,3937,24,36.19270213042737,1688,15,-33.93915665996371
2020,MIN,4265,35,93.0604228925342,2283,20,9.039150240107752
2020,NE,3124,12,-22.72856667306027,2346,20,28.792814093263566
2020,NO,3945,28,72.87543420653593,2265,30,19.227062438173263
2020,NYG,3336,12,-33.641271104374994,1768,13,-20.365699570535945
2020,NYJ,3115,16,-84.098955876174,1683,9,-42.63800344243854
2020,PHI,3728,22,-92.10532948889656,2027,16,-9.920413149214117
2020,PIT,4129,35,61.94494827584145,1351,12,-59.941895376907546
2020,SEA,4245,40,79.01634611379795,1971,15,8.432180393294864
2020,SF,4320,25,36.27114144777499,1889,19,-28.998723299960147
2020,TB,4776,42,130.82164800044643,1519,16,-22.727830446968863
2020,TEN,3826,33,124.4731282970309,2690,26,48.01371735157952
2020,WAS,3796,16,-63.73505710955179,1611,18,-2.6688049121329174
2021,ARI,4619,27,80.31259460220403,2076,23,-8.976329610566415
2021,ATL,3987,20,-16.81421851993055,1451,11,-65.02302008257266
2021,BAL,4267,21,-0.7380056510154915,2479,18,10.51826849534252
2021,BUF,4450,36,78.07080575368647,2209,20,30.4179243373543
2021,CAR,3573,14,-132.20783896492762,1842,17,-18.567005636062472
2021,CHI,3635,16,-92.62039353184636,2018,14,-20.07169487785982
2021,CIN,4806,36,91.25137177986849,1742,16,-36.11549252261203
2021,CLE,3619,21,-16.197115227810738,2471,20,26.72429170690463
2021,DAL,4963,40,121.3150802253373,2119,15,-22.218052031812043
2021,DEN,3856,20,43.70757981475442,2025,16,-34.38671498639965
2021,DET,3884,23,-20.95766867941608,1886,12,-38.1162811281006
2021,GB,4526,39,121.74914223977385,1900,13,14.604044207552086
2021,HOU,3630,21,-60.411743138214874,1422,8,-66.45837687555539
2021,IND,3588,27,9.956186922557428,2540,22,39.33890038725944
2021,JAX,3674,12,-58.918805229335575,1755,13,-23.66407170104753
2021,KC,4937,37,146.8661316845902,1955,16,19.4014098809912
2021,LA,4893,41,108.2507875701711,1683,10,-35.8979216356487
2021,LAC,5014,38,119.34808747669969,1834,18,-15.468361516838732
2021,LV,4808,23,36.74009039532134,1617,14,-49.07788561084234
2021,MIA,3936,21,-4.536039533838316,1568,12,-58.10777029026223
2021,MIN,4450,34,57.376755653997996,1930,10,-41.31556674316617
2021,NE,4098,24,77.8880193656106,2151,24,6.713306028096723
2021,NO,3437,29,-32.21065915119972,1991,12,-51.90695940658594
2021,NYG,3463,15,-131.04195663024112,1688,8,-34.944570241398154
2021,NYJ,3959,20,-75.23830914390196,1667,14,-10.905855076978986
2021,PHI,3585,20,31.475128004306775,2715,25,43.0000130858342
2021,PIT,4017,23,-57.07841774197806,1583,10,-20.156033461619195
2021,SEA,3815,30,15.375291091702413,2074,18,16.348847755579502
2021,SF,4437,26,105.8835216240011,2166,22,-1.9087813498247614
2021,TB,5383,43,144.2964173704021,1672,18,-2.4280335340173687
2021,TEN,3745,22,28.506517294325878,2404,23,0.8969569727867417
2021,WAS,3746,21,-35.989729638705995,2061,13,-14.795005624785569
2022,ARI,3966,17,-87.31055590684454,1873,15,-10.385701513462914
2022,ATL,2927,17,12.69683316740543,2718,17,10.663464650738916
2022,BAL,3202,19,-17.198107088511794,2720,14,32.713750905056244
2022,BUF,4291,35,95.93615193244901,2232,15,12.383823806695666
2022,CAR,3246,16,-41.798702883362154,2210,16,7.88542726175559
2022,CHI,2598,19,-85.26358997559537,3014,18,50.40234103817224
2022,CIN,4520,35,87.52605793048077,1528,14,-20.473504252410134
2022,CLE,3710,19,-10.125522165335097,2490,19,24.521146159148113
2022,DAL,3911,28,31.73626848221614,2298,24,-12.118539443865423
2022,DEN,4007,18,-86.17285779168034,1935,11,-37.283333607124504
2022,DET,4444,29,104.07154651409064,2179,23,-36.788763026357394
2022,GB,3890,27,-1.6200855390558604,2113,12,5.130230863709384
2022,HOU,3642,20,-113.12737238463541,1476,7,-72.60542869608524
2022,IND,3855,17,-103.30296528279057,1866,8,-66.17925067264375
2022,JAX,4148,25,71.91571078162973,2116,16,-24.693014514906938
2022,KC,5250,41,187.72210499334173,1970,18,15.272556608487365
2022,LA,3506,16,-68.12828622955793,1661,15,-16.77644102635033
2022,LAC,4791,26,26.94054355331627,1524,15,-9.985825247373642
2022,LV,4182,28,19.57104527122713,2059,12,-8.715669671427145
2022,MIA,4765,30,61.8724884585627,1686,12,-15.55035268350372
2022,MIN,4818,30,28.869882276076325,1661,18,-44.033055880243374
2022,NE,3815,19,-24.63569617834063,1812,12,-27.580703984924014
2022,NO,3969,24,25.669855627273215,1982,12,-51.93951779127007
2022,NYG,3431,17,10.555903791764752,2519,21,30.489387210782684
2022,NYJ,4040,15,-65.89640805568237,1686,13,-22.201714271087233
2022,PHI,4364,25,78.6956185892459,2509,32,52.40934052524869
2022,PIT,3661,12,2.3119804202486023,2073,16,5.6126348292362005
2022,SEA,4282,30,22.012022907953412,2042,12,-12.728407668425657
2022,SF,4049,30,105.26910734239854,2360,20,-21.59319665135854
2022,TB,4746,26,50.380937898065234,1308,5,-85.2143046021303
2022,TEN,3227,16,-26.57571457593257,2131,16,-38.464865175018424
2022,WAS,3783,24,-60.09443042936727,2143,9,-29.01358091284797
2023,ARI,3430,18,-100.8764195171071,2365,17,18.66245397482521
2023,ATL,3775,17,-42.981411141401004,2159,14,-64.30003380636713
2023,BAL,3881,27,62.87204310512697,2661,26,6.806188041593247
2023,BUF,4306,29,91.6927982197074,2212,22,34.202596969933595
2023,CAR,3245,13,-156.66620068522246,1769,7,-33.242914613520114
2023,CHI,3421,19,-64.64965049815295,2399,16,20.403676121320277
2023,CIN,4257,27,13.30173479314289,1527,12,-24.686269278267797
2023,CLE,4011,24,-104.95382046867533,2017,15,-47.871629579755805
2023,DAL,4660,36,116.60811704054335,1920,14,-5.510051915494904
2023,DEN,3566,28,-10.12377632816334,1810,8,-34.849382130965544
2023,DET,4606,30,83.11068034464867,2311,27,-21.043060151320052
2023,GB,4210,32,90.10949360171792,1905,10,-30.99396402544395
2023,HOU,4578,27,37.36914563141294,1647,10,-59.37270674583574
2023,IND,3882,18,0.10108473341875768,2059,19,-41.0728227755719
2023,JAX,4377,22,5.377807689351348,1646,17,-65.18356745267752
2023,KC,4383,28,37.91712328721203,1784,9,-18.119290099867197
2023,LA,4300,26,43.63666943192901,2045,18,3.3325303302415263
2023,LAC,4312,24,-2.580253678434245,1642,11,-70.58481183499111
2023,LV,3666,20,-44.897590713771294,1542,11,-56.14107497704474
2023,MIA,4698,30,111.64226337925119,2308,27,-11.816735728135734
2023,MIN,4700,30,2.681503280533926,1553,7,-28.493426313111108
2023,NE,3392,16,-137.78242627106158,1627,9,-37.56425284417045
2023,NO,4225,28,19.694444623421006,1742,13,-52.21103623810511
2023,NYG,3351,15,-112.02900819481376,1874,10,-66.1397483280896
2023,NYJ,3373,11,-186.57097739486795,1647,7,-70.00387586137788
2023,PHI,4067,24,62.718458526041815,2190,22,10.303554938215832
2023,PIT,3421,13,-45.71235864339105,2010,16,-36.88044311907635
2023,SEA,4167,23,32.42796197608597,1580,11,-21.468027004188702
2023,SF,4577,33,143.04821406075783,2389,27,19.010535920274997
2023,TB,4044,28,47.233702549957535,1509,8,-77.0876220310538
2023,TEN,3512,14,-31.663739782241294,1846,16,-26.854351771577814
2023,WAS,4174,24,-87.48533680092959,1592,14,-8.595849643582495
2024,ARI,3859,21,64.52634920272746,2451,18,21.71392802745348
2024,ATL,4283,21,34.316686777479276,2219,18,0.12841468861860506
2024,BAL,4189,41,170.46887614505388,3189,21,50.3468627334633
2024,BUF,3938,30,132.67171673932293,2230,32,48.12527660571717
2024,CAR,3411,22,-49.31081541928745,1878,18,3.743683073065567
2024,CHI,3552,20,-53.314411206948215,1734,13,-27.373577696403313
2024,CIN,4918,43,115.12695542445556,1574,11,-9.513695408275204
2024,CLE,3879,19,-175.00518532804438,1608,8,-25.846051966612833
2024,DAL,4092,23,-46.17726065651338,1705,6,-51.73058314762088
2024,DEN,3808,30,40.03305993288628,1908,12,-14.35800787032888
2024,DET,4718,39,172.38264264151178,2488,29,9.533982670019515
2024,GB,3939,28,77.43815873048725,2496,23,3.931955706319374
2024,HOU,3952,20,-16.28401857631509,1909,15,-39.44223437320455
2024,IND,3599,20,-34.6671714876517,2331,20,-21.2905996811771
2024,JAX,3717,19,2.815102956176922,1729,13,-13.594123616501726
2024,KC,4046,26,62.987778387267014,1790,15,2.584168148527116
2024,LA,4096,22,34.41894814651905,1765,15,-29.195176007860695
2024,LAC,3901,23,63.45863291616553,1882,17,-24.880648388694603
2024,LV,4117,19,-62.91733084732314,1357,10,-91.87499130037199
2024,MIA,4036,22,43.481886431862954,1795,12,-83.3238027825576
2024,MIN,4379,35,56.94889132069409,1855,9,-34.77277179769543
2024,NE,3343,18,-53.09723703638907,1969,11,-31.529520828955302
2024,NO,3730,21,-45.184907659383995,1954,15,1.1473400271549465
2024,NYG,3521,15,-96.14862862966382,1783,13,-28.960763415283843
2024,NYJ,4016,31,21.34228398821374,1561,8,-23.948942152627172
2024,PHI,3517,24,56.87063815759183,3048,29,55.88572900161202
2024,PIT,3607,21,4.436190221322731,2166,14,-48.227744902210674
2024,SEA,4379,21,8.423787470504083,1627,17,-20.498744777141418
2024,SF,4424,23,68.3651688932217,2163,17,-1.2659478543305216
2024,TB,4505,41,115.68643922132297,2536,16,20.720838278553376
2024,TEN,3621,22,-66.83648932357202,1855,11,-50.266179744439626
2024,WAS,3932,29,79.29114238935429,2619,25,67.61982720882696
2025,ARI,4354,29,4.7595797736981815,1583,9,-21.504854023401514
2025,ATL,3703,19,4.209096397094654,2138,17,-19.203365768931064
2025,BAL,3278,23,4.510214603981404,2662,23,42.21306531138224
2025,BUF,3981,29,97.06081157919405,2714,30,41.28521861578723
2025,CAR,3304,24,-27.63458678505455,1977,9,-19.355536005205092
2025,CHI,3991,28,47.89793604026958,2451,19,32.96097338097368
2025,CIN,4244,36,13.347914985647932,1591,11,7.009361444607248
2025,CLE,3152,16,-164.18732132383388,1649,10,-22.132469403225144
2025,DAL,4735,31,113.9334655651819,2136,18,-9.32354839500308
2025,DEN,3931,25,58.83243057615339,2018,18,-9.305635628482706
2025,DET,4567,35,103.36001665264264,2041,21,-24.568552161037626
2025,GB,3845,26,118.79636839653993,2037,18,-15.250886578749302
2025,HOU,3956,24,30.940926408704808,1852,9,-44.93582433584685
2025,IND,4085,25,47.66947836835752,2007,27,33.99101845990116
2025,JAX,4026,29,41.309487587430226,1956,22,-8.265188974471178
2025,KC,3947,23,24.883655681429087,1812,15,8.470350136755696
2025,LA,4707,46,150.45430748211436,2152,17,-4.0547263087043355
2025,LAC,3953,26,-23.35207905811383,2067,10,-6.312613866059048
2025,LV,3315,20,-107.57279016847852,1317,5,-96.84002493454122
2025,MIA,3322,23,4.929832002705847,2044,14,-12.381004214884621
2025,MIN,3208,18,-101.06956126373714,1841,15,-12.985479250163696
2025,NE,4459,31,162.6069075691568,2191,22,-14.454265862475495
2025,NO,4027,19,-24.03273987790199,1603,9,-50.20769786957997
2025,NYG,3703,21,6.615660495767447,2195,22,14.640233598655975
2025,NYJ,2784,15,-100.8781004056025,2096,11,-30.92052308557818
2025,PHI,3498,26,31.852505132020077,1988,17,-10.766691730189141
2025,PIT,3632,26,29.334570500773772,1756,16,3.6057696840679867
2025,SEA,4063,25,68.31457785128048,2096,19,-36.85187089031154
2025,SF,4318,33,107.04416278589989,1817,15,-18.482486216283302
2025,TB,3755,26,-11.820976122392981,1947,13,0.8377106911577213
2025,TEN,3241,15,-133.12214194383415,1589,9,-25.112890079635353
2025,WAS,3329,19,-6.4079823997607095,2290,20,4.717243700289851
