"Player","Pos","Team                     Signed With","Age                     At Signing","Start                     Year","End                     Year","Yrs","Value","Average                     Salary","Average %                     % of Cap At Sign","Signing Bonus","Guarantee                     at Sign","Practical                     Guarantee","2-Year                     Cash Total","3-Year                     Cash Total"
"Marvin Harrison","WR","IND                  IND","31","2004","2010","7","$67,000,000","$9,571,429","11.88%","$6,000,000","$30,000,000","$30,000,000","$16,000,000","$30,000,000"
"Randy Moss","WR","MIN                  MIN","23","2001","2008","8","$66,275,000","$8,284,375","12.29%","$10,000,000","$18,000,000","$18,000,000","$19,025,000","$24,025,000"
"Andre Johnson","WR","HOU                  HOU","25","2007","2014","8","$59,750,000","$7,468,750","6.85%","$6,850,000","","$15,000,000","$13,608,333","$20,216,666"
"Calvin Johnson","WR","DET                  DET","21","2007","2012","6","$55,500,000","$9,250,000","8.49%","$14,000,000","","$55,500,000","$23,044,875","$29,625,000"
"Javon Walker","WR","OAK                  OAK","29","2008","2013","6","$55,000,000","$9,166,667","7.90%","$11,000,000","$16,000,000","$16,000,000","$14,000,000","$16,600,000"
"Keyshawn Johnson","WR","TB                  TB","27","2000","2007","8","$53,500,000","$6,687,500","10.76%","$13,000,000","$15,000,000","$15,000,000","$14,000,000","$15,500,000"
"Larry Fitzgerald","WR","ARI                  ARI","20","2004","2009","6","$52,742,840","$8,790,473","10.91%","$7,500,000","$52,742,840","$52,742,840","$13,892,500","$17,210,000"
"Nate Burleson","WR","SEA                  SEA","24","2006","2009","7","$49,000,000","$7,000,000","6.86%","$4,000,000","","","$8,000,000","$11,250,000"
"Terrell Owens","WR","PHI                  PHI","30","2004","2010","7","$48,930,000","$6,990,000","8.67%","$2,300,000","$8,500,000","$8,500,000","$11,576,668","$19,846,668"
"David Boston","WR","SD                  SD","24","2003","2009","7","$47,400,000","$6,771,429","9.03%","$4,550,000","","","$10,682,647","$16,782,647"
"Roy Williams","WR","DAL                  DAL","27","2009","2013","5","$45,000,000","$9,000,000","7.32%","","","$19,500,000","$28,062,600","$28,062,600"
"Bernard Berrian","WR","MIN                  MIN","27","2008","2013","6","$43,400,000","$7,233,333","6.24%","$5,000,000","$8,000,000","$8,000,000","$19,200,000","$19,300,000"
"Steve Smith","WR","CAR                  CAR","27","2007","2012","6","$43,200,000","$7,200,000","6.61%","$9,300,000","","$9,300,000","$18,050,000","$23,450,000"
"Roddy White","WR","ATL                  ATL","27","2009","2014","6","$42,720,000","$7,120,000","5.79%","$6,000,000","","$18,600,000","$18,600,000","$27,900,000"
"Joey Galloway","WR","DAL                  DAL","28","2000","2006","7","$42,000,000","$6,000,000","9.65%","$12,500,000","","","$13,440,000","$14,835,000"
"Issac Bruce","WR","STL                  STL","27","2000","2006","7","$42,000,000","$6,000,000","9.65%","$11,500,000","","","$12,550,000","$15,300,000"
"Torry Holt","WR","STL                  STL","26","2003","2009","7","$42,000,000","$6,000,000","8.00%","$12,500,000","","$12,500,000","$13,565,000","$16,300,000"
"Rod Smith","WR","DEN                  DEN","31","2002","2008","7","$41,555,000","$5,936,429","8.35%","$11,000,000","","$11,000,000","$12,305,000","$15,055,000"
"Joe Horn","WR","NO                  NO","32","2005","2010","6","$40,000,000","$6,666,667","7.80%","$7,000,000","","","$12,000,000","$16,450,000"
"T.J. Houshmandzadeh","WR","SEA                  SEA","31","2009","2013","5","$40,000,000","$8,000,000","6.50%","$2,000,000","$14,500,000","$14,500,000","$14,500,000","$22,500,000"
"Javon Walker","WR","DEN                  DEN","28","2007","2011","5","$39,750,000","$7,950,000","7.29%","","","","$12,850,000","$17,050,000"
"Reggie Wayne","WR","IND                  IND","27","2006","2011","6","$39,500,000","$6,583,333","6.45%","$12,500,000","","","$18,480,000","$22,640,000"
"Charles Rogers","WR","DET                  DET","21","2003","2008","6","$39,400,000","$6,566,667","8.75%","$9,100,000","","","$3,077,082","$3,535,268"
"Deion Branch","WR","SEA                  SEA","26","2006","2011","6","$39,000,000","$6,500,000","6.37%","$7,000,000","","$13,000,000","$18,480,000","$21,980,000"
"Andre Johnson","WR","HOU                  HOU","21","2003","2008","6","$39,000,000","$6,500,000","8.67%","$9,000,000","$13,510,000","$13,510,000","$15,154,824","$16,459,648"
"Darrius Heyward-Bey","WR","OAK                  OAK","21","2009","2013","5","$38,250,000","$7,650,000","6.22%","","","$23,500,000","$15,965,000","$24,750,000"
"Eric Moulds","WR","BUF                  BUF","27","2001","2006","6","$37,489,000","$6,248,167","","$12,000,000","","$12,000,000","$14,150,000","$18,475,000"
"Lee Evans","WR","BUF                  BUF","27","2009","2012","4","$37,250,000","$9,312,500","7.57%","$4,400,000","","","$14,242,242","$25,692,242"
"Chad Johnson","WR","CIN                  CIN","27","2006","2011","6","$35,350,000","$5,891,667","5.78%","$5,000,000","","","$14,800,000","$18,050,000"
"Laveranues Coles","WR","WAS                  WAS","25","2003","2009","7","$35,060,000","$5,008,571","6.68%","$13,000,000","","$13,000,000","$14,060,000","$15,560,000"
"Donte Stallworth","WR","CLE                  CLE","27","2008","2014","7","$35,000,000","$5,000,000","4.31%","$4,500,000","","$10,000,000","$10,400,000","$11,900,000"
"Braylon Edwards","WR","CLE                  CLE","21","2005","2009","5","$33,000,000","$6,600,000","7.72%","$6,500,000","","$18,230,000","$17,360,250","$18,740,000"
"Michael Crabtree","WR","SF                  SF","21","2009","2014","6","$32,000,000","$5,333,333","4.34%","","","$10,065,000","$15,188,077","$19,563,077"
"Antwaan Randle El","WR","WAS                  WAS","26","2006","2012","7","$31,250,000","$4,464,286","4.38%","$5,000,000","","","$11,180,000","$13,500,000"
"Santana Moss","WR","WAS                  WAS","25","2005","2010","6","$31,000,000","$5,166,667","6.04%","$3,000,000","","","",""
"Jerry Porter","WR","JAX                  JAX","29","2008","2013","6","$30,400,000","$5,066,667","4.37%","$3,000,000","","","",""
"Troy Williamson","WR","MIN                  MIN","21","2005","2009","5","$30,250,000","$6,050,000","7.08%","","","","$11,710,000","$13,495,000"
"Donte Stallworth","WR","NE                  NE","26","2007","2012","6","$30,000,000","$5,000,000","4.59%","$1,000,000","","$3,300,000","$5,800,000","$5,800,000"
"Plaxico Burress","WR","NYG                  NYG","30","2008","2012","5","$30,000,000","$6,000,000","5.17%","$4,250,000","","$11,000,000","$2,750,000","$2,800,000"
"Larry Fitzgerald","WR","ARI                  ARI","24","2008","2011","3","$30,000,000","$10,000,000","8.62%","$15,000,000","","$17,100,000","$26,700,000","$33,000,000"
"Kevin Curtis","WR","PHI                  PHI","28","2007","2012","6","$29,699,999","$4,950,000","4.54%","$2,000,000","","","$11,500,000","$13,500,000"
"Jerry Rice","WR","OAK                  OAK","40","2003","2008","6","$29,000,000","$4,833,333","6.44%","$1,200,000","","","$3,123,529","$3,123,529"
"Brandon Lloyd","WR","WAS                  WAS","24","2006","2012","7","$29,000,000","$4,142,857","4.06%","$5,000,000","","","$11,095,000","$13,500,000"
"Tim Brown","WR","OAK                  OAK","36","2003","2008","6","$28,300,000","$4,716,667","6.29%","$2,000,000","","","$3,755,000","$3,755,000"
"Laveranues Coles","WR","CIN                  CIN","31","2009","2012","4","$27,500,000","$6,875,000","5.59%","$3,000,000","","$9,750,000","$14,450,000","$14,550,000"
"Chad Johnson","WR","CIN                  CIN","26","2005","2009","5","$27,103,250","$5,420,650","6.34%","$7,000,000","","","$8,253,250","$13,103,250"
"Terrell Owens","WR","DAL                  DAL","34","2008","2011","3","$27,000,000","$9,000,000","7.76%","$12,900,000","$13,900,000","$13,900,000","$19,500,000","$27,000,000"
"Randy Moss","WR","NE                  NE","30","2008","2010","3","$27,000,000","$9,000,000","7.76%","$12,000,000","","$15,000,000","$20,500,000","$25,394,117"
"Greg Jennings","WR","GB                  GB","25","2009","2012","4","$26,885,000","$6,721,250","5.46%","$11,250,000","","$16,250,000","$19,450,000","$24,465,000"
"Nate Washington","WR","TEN                  TEN","25","2009","2014","6","$26,800,000","$4,466,667","3.63%","$4,500,000","","$6,500,000","$8,800,000","$12,100,000"
"Steve Smith","WR","CAR                  CAR","24","2004","2009","6","$26,100,000","$4,350,000","5.40%","$7,000,000","","$7,000,000","$10,492,745","$15,192,745"
"Laveranues Coles","WR","NYJ                  NYJ","27","2005","2009","5","$26,000,000","$5,200,000","6.08%","$5,000,000","","","$9,000,000","$12,000,000"
"Michael Clayton","WR","TB                  TB","26","2009","2013","5","$26,000,000","$5,200,000","4.23%","$3,000,000","","","$9,000,000","$12,750,000"
"Hines Ward","WR","PIT                  PIT","28","2005","2008","4","$25,830,000","$6,457,500","7.55%","$5,000,000","","","$8,415,000","$12,000,000"
"Marvin Harrison","WR","IND                  IND","27","2000","2004","5","$25,500,000","$5,100,000","8.20%","$11,500,000","","$11,500,000","$12,440,000","$12,965,000"
"Plaxico Burress","WR","NYG                  NYG","27","2005","2010","6","$25,000,000","$4,166,667","4.87%","$5,000,000","","$5,000,000","$11,205,000","$14,500,000"
"Terrell Owens","WR","DAL                  DAL","32","2006","2008","3","$25,000,000","$8,333,333","8.17%","$5,000,000","","","$21,000,000","$31,000,000"
"Hines Ward","WR","PIT                  PIT","32","2009","2013","5","$24,850,000","$4,970,000","4.04%","$3,050,000","","","$9,800,000","$12,800,000"
"Muhsin Muhammad","WR","CHI                  CHI","31","2005","2010","6","$24,200,000","$4,033,333","4.72%","$6,000,000","","$12,000,000","$11,685,000","$13,600,000"
"Anquan Boldin","WR","ARI                  ARI","24","2005","2010","6","$23,500,000","$3,916,667","4.58%","$5,000,000","$13,250,000","$13,250,000","$13,250,000","$15,250,000"
"Chris Chambers","WR","MIA                  MIA","25","2004","2009","5","$23,000,000","$4,600,000","5.71%","","","","$12,850,000","$15,450,000"
"Muhsin Muhammad","WR","CAR                  CAR","26","2000","2004","5","$22,500,000","$4,500,000","7.24%","$7,000,000","","$7,000,000","$10,700,000","$14,000,000"
"Derrick Mason","WR","TEN                  TEN","16","2001","2005","5","$21,750,000","$4,350,000","6.45%","$3,000,000","","$3,000,000","$6,950,000","$11,450,000"
"Reggie Brown","WR","PHI                  PHI","44","2006","2010","5","$21,075,000","$4,215,000","4.13%","$5,000,000","","","$12,200,000","$13,875,000"
"Jerricho Cotchery","WR","NYJ                  NYJ","24","2007","2012","5","$20,150,000","$4,030,000","3.70%","$7,000,000","","","$12,795,000","$14,800,000"
"Carl Pickens","WR","TEN                  TEN","29","2000","2004","5","$20,000,000","$4,000,000","6.43%","$1,000,000","","","$6,500,000","$10,500,000"
"Derrick Mason","WR","BAL                  BAL","20","2005","2009","5","$20,000,000","$4,000,000","4.68%","$7,000,000","","$7,000,000","$11,000,000","$14,000,000"
"Torry Holt","WR","JAX                  JAX","32","2009","2010","3","$20,000,000","$6,666,667","5.42%","","","","$8,500,000","$8,500,000"
"David Boston","WR","MIA                  MIA","25","2004","2007","4","$19,900,000","$4,975,000","6.17%","$1,650,000","","$1,650,000","$5,720,617","$11,720,617"
"Joe Horn","WR","ATL                  ATL","34","2007","2010","4","$19,000,000","$4,750,000","4.36%","$3,500,000","","$7,000,000","$7,500,000","$7,500,000"
"Wes Welker","WR","NE                  NE","25","2007","2011","5","$18,100,000","$3,620,000","3.32%","$5,500,000","","$5,500,000","$11,350,000","$13,350,000"
"Michael Jenkins","WR","ATL                  ATL","25","2008","2012","4","$18,000,000","$4,500,000","3.88%","$3,000,000","","","$8,550,000","$11,300,000"
"Peter Warrick","WR","CIN                  CIN","22","2000","2005","7","$17,050,000","$2,435,714","3.92%","$8,470,000","","","$10,450,000","$12,270,000"
"Ted Ginn Jr.","WR","MIA                  MIA","21","2007","2011","5","$17,027,086","$3,405,417","3.12%","$1,970,000","","$14,100,000","$13,769,586","$14,497,503"
"Brandon Stokley","WR","IND                  IND","28","2005","2009","5","$17,000,000","$3,400,000","3.98%","$2,500,000","","$2,500,000","$4,500,000","$7,100,000"
"Donald Driver","WR","GB                  GB","30","2006","2009","4","$17,000,000","$4,250,000","4.17%","$2,000,000","","","$9,250,000","$14,250,000"
"Wayne Chrebet","WR","NYJ                  NYJ","28","2002","2008","7","$16,838,080","$2,405,440","3.38%","$6,008,080","","","$8,408,080","$10,408,080"
"Brandon Jones","WR","SF                  SF","26","2009","2013","5","$16,500,000","$3,300,000","2.68%","$3,500,000","","$3,500,000","$7,645,000","$11,180,000"
"Roy Williams","WR","DET                  DET","22","2004","2008","5","$15,702,000","$3,140,400","3.90%","$4,500,000","","$13,400,000","$12,877,500","$14,392,500"
"Lee Evans","WR","BUF                  BUF","22","2004","2009","5","$15,628,500","$3,125,700","3.88%","$2,250,000","","","$8,011,250","$8,553,750"
"Issac Bruce","WR","STL                  STL","33","2006","2008","3","$15,000,000","$5,000,000","4.90%","$1,000,000","","","$10,000,000","$15,000,000"
"Marques Colston","WR","NO                  NO","24","2008","2011","4","$15,000,000","$3,750,000","3.23%","$5,000,000","","$5,000,000","$9,475,000","$12,525,000"
"Jerry Porter","WR","OAK                  OAK","26","2005","2007","3","$14,500,000","$4,833,333","5.65%","$7,000,000","","$7,000,000","",""
"Eric Moulds","WR","HOU                  HOU","32","2006","2009","4","$14,500,000","$3,625,000","3.55%","$5,000,000","","$5,000,000","$8,250,000","$11,375,000"
"Jeremy Maclin","WR","PHI                  PHI","20","2009","2013","5","$14,375,000","$2,875,000","2.34%","","","$7,364,500","$9,220,250","$11,823,250"
"Keyshawn Johnson","WR","CAR                  CAR","33","2006","2009","4","$14,000,000","$3,500,000","3.43%","$5,000,000","","","$8,000,000","$11,000,000"
"Justin Gage","WR","TEN                  TEN","26","2008","2011","4","$14,000,000","$3,500,000","3.02%","$4,500,000","","","$8,500,000","$10,500,000"
"Antonio Bryant","WR","SF                  SF","24","2006","2009","4","$13,900,000","$3,475,000","3.41%","$4,000,000","","","$7,802,941","$10,902,941"
"Keyshawn Johnson","WR","DAL                  DAL","31","2004","2007","4","$13,750,000","$3,437,500","4.27%","$4,000,000","","","$8,000,000","$10,500,000"
"Mike Williams","WR","DET                  DET","20","2005","2009","5","$13,500,000","$2,700,000","3.16%","$1,000,000","","$10,500,000","$11,045,000","$11,645,000"
"David Patten","WR","WAS                  WAS","30","2005","2009","5","$13,000,000","$2,600,000","3.04%","$2,250,000","$3,500,000","$3,500,000","$5,250,000","$7,500,000"
"Ernest Wilford","WR","MIA                  MIA","28","2008","2011","4","$13,000,000","$3,250,000","2.80%","$6,000,000","","","$8,500,000","$10,500,000"
"Joe Horn","WR","NO                  NO","30","2003","2005","3","$13,000,000","$4,333,333","","$5,100,000","","","$6,500,000","$10,300,000"
"Rod Smith","WR","DEN                  DEN","36","2007","2008","2","$13,000,000","$6,500,000","5.96%","","","","$3,000,000","$3,000,000"
"Kelley Washington","WR","NE                  NE","27","2007","2011","5","$13,000,000","$2,600,000","2.39%","$300,000","","","$6,000,000","$8,000,000"
"Patrick Crayton","WR","DAL                  DAL","27","2007","2010","4","$13,000,000","$3,250,000","2.98%","","","","$8,300,000","$9,800,000"
"T.J. Houshmandzadeh","WR","CIN                  CIN","27","2005","2008","4","$13,000,000","$3,250,000","3.80%","$3,750,000","","$3,750,000","$7,650,000","$10,000,000"
"Roscoe Parrish","WR","BUF                  BUF","24","2007","2011","3","$12,310,000","$4,103,333","3.76%","$1,100,000","","","$5,305,000","$7,805,000"
"Joey Galloway","WR","TB                  TB","33","2005","2009","5","$12,250,000","$2,450,000","2.87%","$2,925,000","","","$5,900,000","$8,383,000"
"Percy Harvin","WR","MIN                  MIN","20","2009","2013","5","$12,050,000","$2,410,000","1.96%","$981,500","","$8,425,000","$8,222,500","$8,905,000"
"Devery Henderson","WR","NO                  NO","26","2009","2012","4","$12,000,000","$3,000,000","2.44%","$3,500,000","","$6,000,000","$6,900,000","$9,250,000"
"Reggie Williams","WR","JAX                  JAX","20","2004","2008","6","$11,871,000","$1,978,500","2.46%","$3,200,000","","","$10,406,000","$10,856,000"
"Robert Meachem","WR","NO                  NO","22","2007","2011","5","$11,300,000","$2,260,000","2.07%","$1,300,000","","$5,710,000","$4,570,000","$5,130,000"
"Joe Horn","WR","NO                  NO","28","2001","2004","4","$11,200,000","$2,800,000","4.15%","$2,700,000","","","$5,100,000","$8,000,000"
"Hakeem Nicks","WR","NYG                  NYG","20","2009","2013","5","$11,075,000","$2,215,000","1.80%","$2,500,000","","$6,400,000","$7,025,000","$7,600,000"
"Muhsin Muhammad","WR","CAR                  CAR","51","2004","2005","1","$10,665,000","$10,665,000","13.23%","$3,740,000","","","$15,065,000","$15,065,000"
"Jerome Pathon","WR","NO                  NO","26","2002","2005","4","$10,075,000","$2,518,750","","$1,000,000","","","$4,575,000","$6,825,000"
"Donald Driver","WR","GB                  GB","26","2002","2006","5","$10,000,000","$2,000,000","2.81%","$4,000,000","","","$6,043,000","$6,613,000"
"Jabar Gaffney","WR","DEN                  DEN","28","2009","2012","4","$10,000,000","$2,500,000","2.03%","$1,500,000","","$3,000,000","$6,500,000","$8,900,000"
"Joe Horn","WR","NO                  NO","27","2000","2003","4","$9,900,000","$2,475,000","3.98%","$2,150,000","$2,150,000","$2,150,000","$2,700,000","$2,700,000"
"Antonio Bryant","WR","TB                  TB","27","2009","2009","1","$9,884,000","$9,884,000","8.04%","","","","$9,884,000","$9,884,000"
"Michael Clayton","WR","TB                  TB","21","2004","2008","5","$9,670,000","$1,934,000","2.40%","$2,100,000","","","$3,715,000","$4,245,000"
"Donte Stallworth","WR","NO                  NO","21","2002","2007","6","$9,470,000","$1,578,333","","","","","$4,005,000","$4,490,000"
"Santana Moss","WR","NYJ                  NYJ","21","2001","2005","5","$9,390,520","$1,878,104","2.79%","$3,433,334","","","",""
"Brandon Stokley","WR","DEN                  DEN","31","2008","2010","3","$9,200,000","$3,066,667","2.64%","$5,000,000","","","$7,670,000","$12,404,315"
"Kenny Britt","WR","TEN                  TEN","20","2009","2013","5","$9,150,010","$1,830,002","1.49%","$1,250,010","","$6,216,510","$6,922,510","$7,497,510"
"Dwayne Bowe","WR","KC                  KC","22","2007","2011","5","$9,000,000","$1,800,000","1.65%","$1,400,000","","$1,400,000","$6,850,000","$7,410,000"
"Bryant Johnson","WR","DET                  DET","27","2009","2011","3","$9,000,000","$3,000,000","2.44%","$1,200,000","","","$5,800,000","$9,000,000"
"Plaxico Burress","WR","PIT                  PIT","22","2000","2004","5","$8,668,750","$1,733,750","2.79%","$5,500,000","","$5,500,000","$7,148,625","$7,974,375"
"Matt Jones","WR","JAX                  JAX","21","2005","2009","5","$8,450,000","$1,690,000","1.98%","","","","$6,650,000","$7,250,000"
"Hines Ward","WR","PIT                  PIT","24","2001","2004","4","$8,331,250","$2,082,813","3.09%","$2,500,000","","$2,500,000","$4,993,750","$6,662,500"
"Mark Clayton","WR","BAL                  BAL","22","2005","2009","5","$8,200,000","$1,640,000","1.92%","$1,000,000","","$1,750,000","$5,990,000","$6,545,000"
"Santonio Holmes","WR","PIT                  PIT","21","2006","2010","5","$8,110,000","$1,622,000","1.59%","","","$5,420,000","$6,000,000","$7,290,000"
"Bryant Johnson","WR","ARI                  ARI","21","2003","2007","5","$8,012,500","$1,602,500","2.14%","$1,850,000","","","$6,205,000","$6,658,750"
"Qadry Ismail","WR","BAL                  BAL","29","2000","2003","4","$8,000,000","$2,000,000","3.22%","$1,300,000","","","$3,000,000","$5,250,000"
"Brian Finneran","WR","ATL                  ATL","29","2006","2009","4","$8,000,000","$2,000,000","1.96%","$3,000,000","","$3,000,000","$4,700,000","$5,430,000"
"Buster Davis","WR","SD                  SD","21","2007","2011","5","$7,830,000","$1,566,000","1.44%","$1,905,000","","$1,905,000","$5,805,000","$6,315,000"
"Jerry Rice","WR","OAK                  OAK","39","2002","2005","4","$7,800,000","$1,950,000","2.74%","$900,000","","","$3,250,000","$3,250,000"
"Anthony Gonzalez","WR","IND                  IND","22","2007","2011","5","$7,500,000","$1,500,000","1.38%","$500,000","","","$5,405,000","$6,010,000"
"Travis Taylor","WR","BAL                  BAL","20","2000","2004","5","$7,460,000","$1,492,000","2.40%","$5,000,000","","","$5,738,000","$6,230,000"
"Roddy White","WR","ATL                  ATL","23","2005","2009","5","$7,350,000","$1,470,000","1.72%","$4,225,000","","$4,750,000","$9,362,500","$9,990,000"
"Joey Galloway","WR","TB                  TB","35","2007","2009","3","$7,267,000","$2,422,333","2.22%","$1,800,000","","","$6,217,000","$8,467,000"
"Keary Colbert","WR","DEN                  DEN","25","2008","2010","3","$7,105,000","$2,368,333","2.04%","$2,500,000","","$2,500,000","$605,000","$605,000"
"Ashley Lelie","WR","DEN                  DEN","21","2002","2007","5","$7,100,000","$1,420,000","2.00%","$3,300,000","","","$5,300,000","$5,825,000"
"Joshua Cribbs","WR","CLE                  CLE","22","2006","2009","6","$6,800,000","$1,133,333","1.11%","$2,000,000","","$2,000,000","$6,810,000","$7,455,000"
"Javon Walker","WR","GB                  GB","23","2002","2007","5","$6,700,000","$1,340,000","1.88%","$3,000,000","","","$5,145,000","$5,535,000"
"Devin Hester","WR","CHI                  CHI","23","2006","2009","4","$6,630,000","$1,657,500","1.63%","$5,000,000","","$5,000,000","$5,625,000","$6,070,000"
"Tim Brown","WR","OAK                  OAK","33","2000","2002","3","$6,517,686","$2,172,562","3.49%","$2,430,000","","$2,430,000","$3,867,686","$6,517,686"
"Michael Jenkins","WR","ATL                  ATL","21","2004","2008","5","$6,400,000","$1,280,000","1.59%","$1,500,000","","","$4,445,000","$5,050,000"
"Kevin Walter","WR","HOU                  HOU","24","2006","2009","4","$6,300,000","$1,575,000","1.54%","$2,000,000","","$2,000,000","$3,500,000","$4,800,000"
"Rashaun Woods","WR","SF                  SF","23","2004","2008","5","$6,250,000","$1,250,000","1.55%","$2,440,000","","","$4,645,000","$5,080,000"
"Terrell Owens","WR","BUF                  BUF","35","2009","2009","1","$6,250,000","$6,250,000","5.08%","$4,000,000","$6,250,000","$6,250,000","$6,250,000","$6,250,000"
"David Tyree","WR","NYG                  NYG","25","2006","2010","5","$6,225,000","$1,245,000","1.22%","$1,400,000","","","$2,825,000","$3,775,000"
"David Patten","WR","NO                  NO","33","2008","2009","2","$6,000,000","$3,000,000","2.59%","$1,500,000","$1,500,000","$1,500,000","$6,000,000","$6,000,000"
"Greg Camarillo","WR","MIA                  MIA","26","2009","2011","3","$6,000,000","$2,000,000","1.63%","$38,000","","","",""
"Greg Lewis","WR","PHI                  PHI","25","2006","2011","6","$5,885,000","$980,833","0.96%","","","","",""
"R. Jay Soward","WR","JAX                  JAX","21","2000","2004","5","$5,675,000","$1,135,000","1.83%","$2,000,000","","","$3,102,500","$3,102,500"
"Issac Bruce","WR","SF                  SF","35","2008","2009","2","$5,500,000","$2,750,000","2.37%","$1,000,000","","","$5,725,000","$5,725,000"
"Sylvester Morris","WR","KC                  KC","22","2000","2004","5","$5,499,000","$1,099,800","1.77%","$3,875,000","","","$4,366,000","$4,741,000"
"Jerry Rice","WR","OAK                  OAK","38","2001","2004","4","$5,400,000","$1,350,000","2.00%","$750,000","","","$1,400,000","$1,400,000"
"Brian Robiskie","WR","CLE                  CLE","21","2009","2012","4","$4,910,750","$1,227,688","1.00%","$2,125,000","","$2,125,000","$3,630,750","$4,155,750"
"Devin Thomas","WR","WAS                  WAS","21","2008","2011","4","$4,833,000","$1,208,250","1.04%","$1,574,000","","","$2,917,500","$4,066,500"
"Donnie Avery","WR","STL                  STL","23","2008","2011","4","$4,800,000","$1,200,000","1.03%","$1,824,000","","$2,775,000","$2,575,250","$3,122,750"
"Reggie Brown","WR","PHI                  PHI","23","2005","2014","5","$4,730,625","$946,125","1.11%","$1,800,000","","","$3,130,000","$3,579,625"
"Jordy Nelson","WR","GB                  GB","22","2008","2011","4","$4,643,250","$1,160,813","1.00%","$1,700,000","","$1,700,000","$3,468,750","$4,031,250"
"Terrence Wilkins","WR","STL                  STL","26","2002","2005","4","$4,600,000","$1,150,000","1.62%","$1,500,000","","","$2,480,000","$3,300,000"
"David Anderson","WR","HOU                  HOU","25","2009","2011","3","$4,510,000","$1,503,333","1.22%","$1,000,000","","","$3,070,000","$4,510,000"
"Arnaz Battle","WR","SF                  SF","24","2005","2009","4","$4,500,000","$1,125,000","1.32%","$10,000","","","$3,420,000","$4,820,000"
"Brian Finneran","WR","ATL                  ATL","26","2003","2006","4","$4,365,000","$1,091,250","1.45%","$1,000,000","","$1,000,000","$2,165,000","$3,265,000"
"Ashley Lelie","WR","SF                  SF","26","2007","2008","2","$4,300,000","$2,150,000","1.97%","$2,000,000","","","$4,300,000","$4,300,000"
"Mark Bradley","WR","CHI                  CHI","22","2005","2009","5","$4,280,000","$856,000","1.00%","$1,550,000","","","$8,280,000","$8,715,000"
"Reggie Wayne","WR","IND                  IND","22","2001","2005","5","$4,150,000","$830,000","1.23%","$2,400,000","","$2,400,000","$3,525,000","$4,275,000"
"Desmond Howard","WR","DET                  DET","30","2001","2004","4","$4,058,000","$1,014,500","1.51%","$1,150,000","","","$2,204,000","$3,354,000"
"Chad Jackson","WR","NE                  NE","20","2006","2009","4","$4,000,000","$1,000,000","0.98%","","","","$2,735,000","$3,180,000"
"David Patten","WR","NE                  NE","26","2001","2004","3","$3,950,000","$1,316,667","1.95%","$1,000,000","$1,000,000","$1,000,000","$2,590,000","$3,690,000"
"Eddie Royal","WR","DEN                  DEN","21","2008","2011","4","$3,949,830","$987,458","0.85%","$1,533,000","","$2,400,000","$2,924,830","$4,106,660"
"Rashied Davis","WR","CHI                  CHI","28","2008","2010","3","$3,870,000","$1,290,000","1.11%","$1,100,000","","","",""
"Dwayne Jarrett","WR","CAR                  CAR","20","2007","2010","4","$3,825,000","$956,250","0.88%","$1,400,000","","$1,935,000","$2,055,000","$2,515,000"
"Bethel Johnson","WR","NE                  NE","23","2003","2007","5","$3,800,000","$760,000","1.01%","$1,750,000","$1,750,000","$1,750,000","$2,366,000","$2,776,000"
"Jerry Porter","WR","OAK                  OAK","21","2000","2004","5","$3,745,000","$749,000","1.20%","$1,750,000","","$1,750,000","",""
"Taylor Jacobs","WR","WAS                  WAS","21","2003","2007","5","$3,725,000","$745,000","0.99%","$1,810,000","$1,810,000","$1,810,000","$2,340,000","$2,720,000"
"Sidney Rice","WR","MIN                  MIN","20","2007","2010","4","$3,707,500","$926,875","0.85%","$1,316,000","$1,316,000","$1,316,000","$1,601,000","$1,601,000"
"Brandon Marshall","WR","DEN                  DEN","21","2006","2009","4","$3,698,000","$924,500","0.91%","$420,000","","$420,000","$1,055,000","$1,500,000"
"Kassim Osgood","WR","SD                  SD","25","2006","2009","4","$3,650,000","$912,500","0.89%","$400,000","","$400,000","$2,050,000","$3,000,000"
"Mohamed Massaquoi","WR","CLE                  CLE","22","2009","2012","4","$3,635,705","$908,926","0.74%","$1,431,505","","","$2,131,505","$2,656,505"
"Jabar Gaffney","WR","HOU                  HOU","21","2002","2005","4","$3,629,750","$907,438","1.28%","$2,131,000","","","$2,744,125","$3,152,875"
"Jerome Simpson","WR","CIN                  CIN","21","2008","2011","4","$3,617,000","$904,250","0.78%","$1,487,000","","$1,487,000","$2,582,000","$3,052,000"
"Sinorice Moss","WR","NYG                  NYG","22","2006","2009","4","$3,510,000","$877,500","0.86%","$700,000","","","$2,165,000","$2,610,000"
"D.J. Hackett","WR","CAR                  CAR","26","2008","2009","2","$3,500,000","$1,750,000","1.51%","$750,000","$750,000","$750,000","$3,250,000","$3,250,000"
"DeSean Jackson","WR","PHI                  PHI","21","2008","2011","4","$3,469,335","$867,334","0.75%","$1,353,000","$1,738,000","$1,738,000","$2,424,335","$2,904,335"
"Qadry Ismail","WR","IND                  IND","31","2002","2004","3","$3,450,000","$1,150,000","1.62%","$1,200,000","","","$2,650,000","$3,450,000"
"Terrence Murphy","WR","GB                  GB","22","2005","2009","5","$3,405,000","$681,000","0.80%","$1,475,000","","","$2,190,000","$2,190,000"
"Malcolm Kelly","WR","WAS                  WAS","21","2008","2011","4","$3,360,000","$840,000","0.72%","$1,264,000","","","$2,335,000","$2,805,000"
"Vincent Jackson","WR","SD                  SD","21","2005","2009","5","$3,305,000","$661,000","0.77%","$1,375,000","","$1,375,000","$1,955,000","$2,390,000"
"Limas Sweed","WR","PIT                  PIT","23","2008","2011","4","$3,271,000","$817,750","0.70%","$1,533,333","","","$2,213,333","$2,683,333"
"Steve Smith","WR","NYG                  NYG","21","2007","2010","4","$3,250,000","$812,500","0.75%","$1,100,000","","","$2,240,000","$2,700,000"
"Travis Taylor","WR","MIN                  MIN","25","2005","2006","2","$3,200,000","$1,600,000","1.87%","","","","$3,350,000","$3,350,000"
"James Hardy","WR","BUF                  BUF","22","2008","2011","4","$3,174,000","$793,500","0.68%","$1,404,000","","$1,404,000","$2,971,000","$3,441,000"
"Greg Jennings","WR","GB                  GB","22","2006","2009","4","$3,095,000","$773,750","0.76%","$1,240,000","","$1,240,000","$2,120,000","$2,565,000"
"Chad Johnson","WR","CIN                  CIN","22","2001","2004","4","$3,091,500","$772,875","1.15%","$1,436,000","","","$2,113,250","$2,564,750"
"Carlos Francis","WR","OAK                  OAK","22","2004","2009","6","$3,051,670","$508,612","0.63%","$581,670","$581,670","$581,670","$1,116,670","$1,391,670"
"Muhsin Muhammad","WR","CAR                  CAR","34","2008","2009","2","$3,000,000","$1,500,000","1.29%","$500,000","","$500,000","$3,000,000","$3,000,000"
"Deion Branch","WR","NE                  NE","22","2002","2006","5","$2,930,000","$586,000","0.82%","$1,025,000","","","$1,550,000","$1,930,000"
"Brandon Stokley","WR","IND                  IND","26","2003","2004","2","$2,850,000","$1,425,000","1.90%","$800,000","","$800,000","$2,850,000","$2,850,000"
"Chris Henry","WR","CIN                  CIN","21","2005","2009","5","$2,795,000","$559,000","0.65%","$865,000","$865,000","$865,000","$1,424,411","$1,654,705"
"Devery Henderson","WR","NO                  NO","21","2004","2007","4","$2,790,000","$697,500","0.87%","$1,035,000","","$535,000","$1,945,000","$2,370,000"
"Terrance Copper","WR","NO                  NO","25","2008","2009","2","$2,750,000","$1,375,000","1.19%","$600,000","","","",""
"Daniel Wilcox","WR","BAL                  BAL","28","2006","2008","3","$2,740,000","$913,333","0.90%","","","","$1,780,000","$2,740,000"
"Reche Caldwell","WR","SD                  SD","22","2002","2005","4","$2,712,500","$678,125","0.95%","$1,362,500","","","$1,887,500","$2,267,500"
"Roscoe Parrish","WR","BUF                  BUF","22","2005","2008","4","$2,705,000","$676,250","0.79%","$1,320,000","","","$1,900,000","$2,335,000"
"Darius Watts","WR","DEN                  DEN","22","2004","2007","4","$2,645,000","$661,250","0.82%","$1,265,000","$1,265,000","$1,265,000","$1,800,000","$2,185,000"
"Anquan Boldin","WR","ARI                  ARI","22","2003","2006","4","$2,580,000","$645,000","0.86%","$1,210,000","$1,210,000","$1,210,000","$1,740,000","$2,120,000"
"Earl Bennett","WR","CHI                  CHI","20","2008","2011","4","$2,525,837","$631,459","0.54%","$820,837","$820,837","$820,837","$1,500,837","$1,970,837"
"Brandon Tate","WR","NE                  NE","21","2009","2012","4","$2,505,000","$626,250","0.51%","$755,000","","$755,000","$1,393,120","$1,881,240"
"Chris Chambers","WR","MIA                  MIA","22","2001","2004","4","$2,501,500","$625,375","0.93%","$1,187,500","$1,187,500","$1,187,500","$1,696,500","$2,085,500"
"Randy Moss","WR","NE                  NE","29","2007","2007","1","$2,500,000","$2,500,000","2.29%","","","","$3,000,000","$3,000,000"
"Kevin Walter","WR","HOU                  HOU","24","2006","2006","1","$2,500,000","$2,500,000","2.45%","","","","",""
"Ramses Barden","WR","NYG                  NYG","22","2009","2012","4","$2,481,156","$620,289","0.50%","$731,156","","$731,156","$1,436,156","$1,916,156"
"Patrick Turner","WR","MIA                  MIA","21","2009","2012","4","$2,464,300","$616,075","0.50%","$714,300","$714,300","$714,300","$1,419,300","$1,944,300"
"Keary Colbert","WR","CAR                  CAR","21","2004","2007","4","$2,445,000","$611,250","0.76%","$290,000","","$290,000","$1,252,500","$1,696,300"
"Jacoby Jones","WR","HOU                  HOU","22","2007","2010","4","$2,442,111","$610,528","0.56%","$777,111","","$777,111","$1,432,111","$1,892,111"
"Deon Butler","WR","SEA                  SEA","22","2009","2012","4","$2,430,750","$607,688","0.49%","$680,750","$680,750","$680,750","$1,385,750","$1,910,750"
"Laurent Robinson","WR","ATL                  ATL","21","2007","2010","4","$2,426,400","$606,600","0.56%","$761,400","$761,400","$761,400","$1,416,400","$1,876,400"
"Jason Hill","WR","SF                  SF","21","2007","2010","4","$2,418,818","$604,705","0.55%","$753,818","$753,818","$753,818","$1,408,818","$1,868,818"
"Harry Douglas","WR","ATL                  ATL","22","2008","2011","4","$2,409,050","$602,263","0.52%","$704,050","","$704,050","$1,384,050","$1,854,050"
"James Jones","WR","GB                  GB","22","2007","2010","4","$2,407,250","$601,813","0.55%","$742,250","","$742,250","$1,422,250","$1,882,250"
"Mike Sims-Walker","WR","JAX                  JAX","22","2007","2010","4","$2,403,513","$600,878","0.55%","$738,513","","","$1,298,513","$1,758,513"
"Paul Williams","WR","TEN                  TEN","23","2007","2010","4","$2,392,000","$598,000","0.55%","$727,000","$727,000","$727,000","$1,382,000","$1,382,000"
"Tyrone Calico","WR","TEN                  TEN","22","2003","2006","4","$2,370,000","$592,500","0.79%","$1,000,000","$1,000,000","$1,000,000","$1,530,000","$1,910,000"
"Juaquin Iglesias","WR","CHI                  CHI","21","2009","2009","4","$2,369,900","$592,475","0.48%","$500,000","$500,000","$500,000","$810,000","$810,000"
"Troy Williamson","WR","JAX                  JAX","24","2008","2009","2","$2,345,000","$1,172,500","1.01%","","","$125,000","$2,345,000","$2,345,000"
"Antonio Bryant","WR","DAL                  DAL","20","2002","2005","4","$2,335,000","$583,750","0.82%","$975,000","","","$1,500,000","$1,880,000"
"Travis Wilson","WR","CLE                  CLE","21","2006","2009","4","$2,334,000","$583,500","0.57%","$724,000","","","",""
"Mario Manningham","WR","NYG                  NYG","21","2008","2011","4","$2,322,000","$580,500","0.50%","$617,000","","$617,000","$1,297,000","$1,767,000"
"Derek Hagan","WR","NYG                  NYG","21","2006","2009","4","$2,317,000","$579,250","0.57%","$707,000","","","",""
"Andre Caldwell","WR","CIN                  CIN","22","2008","2011","4","$2,306,000","$576,500","0.50%","$601,000","","$601,000","$1,281,000","$1,751,000"
"Antwaan Randle El","WR","PIT                  PIT","22","2002","2005","4","$2,295,000","$573,750","0.81%","$935,000","","","$1,460,000","$1,840,000"
"Brandon Williams","WR","SF                  SF","21","2006","2009","4","$2,285,000","$571,250","0.56%","$675,000","","","$1,204,117","$1,204,117"
"Mike Thomas","WR","JAX                  JAX","21","2009","2012","4","$2,257,450","$564,363","0.46%","$507,450","","$507,450","$1,212,450","$1,737,450"
"Brian Hartline","WR","MIA                  MIA","22","2009","2012","4","$2,254,975","$563,744","0.46%","$504,975","","$504,975","$1,209,975","$1,734,975"
"Johnnie Lee Higgins","WR","OAK                  OAK","23","2007","2010","4","$2,245,000","$561,250","0.51%","$580,000","$580,000","$580,000","$1,245,000","$1,705,000"
"Louis Murphy","WR","OAK                  OAK","21","2009","2012","4","$2,198,000","$549,500","0.45%","$448,000","","$448,000","$1,153,000","$1,633,000"
"Will Franklin","WR","KC                  KC","22","2008","2011","4","$2,198,000","$549,500","0.47%","$493,000","","","$788,000","$788,000"
"Austin Collie","WR","IND                  IND","23","2009","2012","4","$2,187,555","$546,889","0.44%","$437,555","","$437,555","$1,142,555","$1,667,555"
"Courtney Roby","WR","TEN                  TEN","21","2005","2008","4","$2,180,000","$545,000","0.64%","$795,000","","","$1,375,000","$1,810,000"
"Johnnie Morant","WR","OAK                  OAK","22","2004","2008","5","$2,175,000","$435,000","0.54%","$250,000","$250,000","$250,000","$785,000","$1,210,000"
"Airese Currie","WR","CHI                  CHI","22","2005","2009","5","$2,162,000","$432,400","0.51%","$232,000","","$232,000","$642,000","$642,000"
"Arman Shields","WR","OAK                  OAK","22","2008","2011","4","$2,132,000","$533,000","0.46%","$427,000","$427,000","$427,000","$937,000","$937,000"
"Lavelle Hawkins","WR","TEN                  TEN","21","2008","2011","4","$2,127,750","$531,938","0.46%","$422,750","","$422,750","$1,102,750","$1,572,750"
"P.K. Sam","WR","NE                  NE","20","2004","2008","5","$2,115,000","$423,000","0.52%","$190,000","","$190,000","$420,000","$420,000"
"Ryne Robinson","WR","CAR                  CAR","22","2007","2010","4","$2,103,305","$525,826","0.48%","$438,305","","","$1,093,305","$1,093,305"
"Andre Reed","WR","DEN                  DEN","35","2000","2001","2","$2,100,000","$1,050,000","1.69%","$160,000","","$160,000","$500,000","$500,000"
"Brad Smith","WR","NYJ                  NYJ","22","2006","2009","4","$2,083,000","$520,750","0.51%","$473,000","","$473,000","$1,108,000","$1,553,000"
"Cory Rodgers","WR","GB                  GB","22","2006","2009","4","$2,075,120","$518,780","0.51%","$465,120","","","",""
"Jason Avant","WR","PHI                  PHI","22","2006","2009","4","$2,063,000","$515,750","0.51%","$453,000","","","$1,088,000","$1,533,000"
"Bernard Berrian","WR","CHI                  CHI","23","2004","2007","4","$2,052,000","$513,000","0.64%","$672,000","$672,000","$672,000","$1,207,000","$1,632,000"
"Craig Bragg","WR","GB                  GB","22","2005","2009","5","$2,044,000","$408,800","0.48%","$114,000","","$114,000","",""
"Skyler Green","WR","DAL                  DAL","21","2006","2009","4","$2,012,000","$503,000","0.49%","$402,000","","","",""
"Reche Caldwell","WR","NE                  NE","26","2006","2007","2","$2,000,000","$1,000,000","0.98%","","","","$2,000,000","$2,000,000"
"Joey Galloway","WR","DAL                  DAL","32","2004","2004","1","$2,000,000","$2,000,000","2.48%","","","","$2,000,000","$2,000,000"
"Devery Henderson","WR","NO                  NO","25","2008","2008","1","$2,000,000","$2,000,000","1.72%","$950,000","","$950,000","$2,000,000","$2,000,000"
"Bryant Johnson","WR","SF                  SF","26","2008","2008","1","$2,000,000","$2,000,000","1.72%","$750,000","","","$2,000,000","$2,000,000"
"Brandon Jones","WR","TEN                  TEN","22","2005","2008","4","$2,000,000","$500,000","0.58%","$575,000","","$575,000","$1,155,000","$1,590,000"
"Domenik Hixon","WR","DEN                  DEN","21","2006","2009","4","$1,993,000","$498,250","0.49%","$383,000","","$383,000","$1,018,000","$1,463,000"
"Johnny Knox","WR","CHI                  CHI","22","2009","2012","4","$1,954,000","$488,500","0.40%","$204,240","","","$909,240","$1,434,240"
"Kenny McKinley","WR","DEN                  DEN","21","2009","2012","4","$1,950,200","$487,550","0.40%","$200,200","","","$556,670","$556,670"
"Kelley Washington","WR","NE                  NE","28","2008","2008","2","$1,950,000","$975,000","0.84%","$450,000","","","$1,950,000","$1,950,000"
"Jarett Dillard","WR","JAX                  JAX","23","2009","2012","4","$1,942,000","$485,500","0.39%","$192,300","","$192,300","$647,300","$1,127,300"
"Brooks Foster","WR","STL                  STL","22","2009","2012","4","$1,925,571","$481,393","0.39%","$175,571","$175,571","$175,571","$390,571","$390,571"
"Donte Stallworth","WR","PHI                  PHI","25","2006","2006","1","$1,920,000","$1,920,000","1.88%","","","","$1,920,000","$1,920,000"
"Matthew Slater","WR","NE                  NE","22","2008","2011","4","$1,880,000","$470,000","0.41%","$175,000","","$175,000","$871,240","$1,349,360"
"Brandon Gibson","WR","PHI                  PHI","21","2009","2012","4","$1,850,000","$462,500","0.38%","$100,000","","$100,000","$705,000","$1,230,000"
"Aundrae Allison","WR","MIN                  MIN","22","2007","2010","4","$1,844,500","$461,125","0.42%","$179,500","","","$834,500","$1,294,500"
"David Clowney","WR","GB                  GB","21","2007","2010","4","$1,835,000","$458,750","0.42%","$170,000","","$170,000","$285,000","$285,000"
"Dominique Edison","WR","TEN                  TEN","22","2009","2012","4","$1,830,600","$457,650","0.37%","$80,600","","","",""
"Marcus Henry","WR","NYJ                  NYJ","21","2008","2011","4","$1,816,200","$454,050","0.39%","$111,200","","","",""
"Roy Hall","WR","IND                  IND","23","2007","2010","4","$1,811,750","$452,938","0.42%","$146,750","$146,750","$146,750","$801,750","$1,261,750"
"Josh Morgan","WR","SF                  SF","22","2008","2011","4","$1,811,500","$452,875","0.39%","$106,500","","$106,500","$786,500","$1,256,500"
"Legedu Naanee","WR","SD                  SD","23","2007","2010","4","$1,806,000","$451,500","0.41%","$141,000","","","$796,000","$1,256,000"
"Demetrius Byrd","WR","SD                  SD","22","2009","2012","4","$1,805,000","$451,250","0.37%","$57,500","","","$151,000","$151,000"
"Manuel Johnson","WR","DAL                  DAL","22","2009","2012","4","$1,801,750","$450,438","0.37%","$51,750","","","",""
"Mark Jones","WR","TEN                  TEN","28","2009","2010","2","$1,800,000","$900,000","0.73%","$200,000","$200,000","$200,000","$925,000","$925,000"
"Julian Edelman","WR","NE                  NE","22","2009","2012","4","$1,798,700","$449,675","0.37%","$48,700","","$48,700","$753,700","$1,278,700"
"Sammie Stroughter","WR","TB                  TB","22","2009","2012","4","$1,798,270","$449,568","0.37%","$48,270","","","$753,270","$1,278,270"
"Paul Hubbard","WR","CLE                  CLE","22","2008","2011","4","$1,797,800","$449,450","0.39%","$92,800","","$92,800","$34,705","$34,705"
"Jaymar Johnson","WR","MIN                  MIN","23","2008","2011","4","$1,796,000","$449,000","0.39%","$91,000","","$91,000","$295,000","$295,000"
"Jerricho Cotchery","WR","NYJ                  NYJ","21","2004","2007","4","$1,790,000","$447,500","0.56%","$410,000","$410,000","$410,000","$945,000","$1,370,000"
"Derek Kinder","WR","CHI                  CHI","22","2009","2012","4","$1,787,600","$446,900","0.36%","$37,666","","","",""
"Freddie Brown","WR","CIN                  CIN","22","2009","2009","4","$1,787,500","$446,875","0.36%","$37,588","","","",""
"Tiquan Underwood","WR","JAX                  JAX","21","2009","2012","4","$1,786,546","$446,637","0.36%","$36,546","","$36,546","",""
"Pierre Garcon","WR","IND                  IND","21","2008","2011","4","$1,776,600","$444,150","0.38%","$71,660","$71,660","$71,660","$751,660","$1,221,660"
"Brett Swain","WR","GB                  GB","22","2008","2010","4","$1,762,610","$440,653","0.38%","$57,610","$57,610","$57,610","$398,400","$793,400"
"Joel Filani","WR","TEN                  TEN","23","2007","2010","4","$1,760,780","$440,195","0.40%","$95,780","","","",""
"Stevie Johnson","WR","BUF                  BUF","21","2008","2011","4","$1,759,030","$439,758","0.38%","$54,030","","$54,030","$734,030","$1,204,030"
"Chaz Schilens","WR","OAK                  OAK","22","2008","2011","4","$1,756,346","$439,087","0.38%","$51,346","$51,346","$51,346","$731,346","$1,201,346"
"Derrick Williams","WR","DET                  DET","22","2009","2011","3","$1,756,000","$585,333","0.48%","$571,000","","","$1,276,000","$1,801,000"
"Courtney Taylor","WR","SEA                  SEA","22","2007","2010","4","$1,755,250","$438,813","0.40%","$90,250","","","$375,250","$375,250"
"Joey Galloway","WR","NE                  NE","37","2009","2009","1","$1,750,000","$1,750,000","1.42%","$600,000","$600,000","$600,000","$1,344,118","$1,344,118"
"Early Doucet","WR","ARI                  ARI","22","2008","2010","3","$1,750,000","$583,333","0.50%","$550,000","$550,000","$550,000","$1,230,000","$1,700,000"
"Roydell Williams","WR","TEN                  TEN","23","2005","2008","4","$1,745,000","$436,250","0.51%","$360,000","","$360,000","$940,000","$1,375,000"
"Mario Urrutia","WR","CIN                  CIN","21","2008","2011","4","$1,744,000","$436,000","0.38%","$39,000","","","",""
"Marcus Monk","WR","CHI                  CHI","21","2008","2011","4","$1,742,000","$435,500","0.38%","$37,000","","","",""
"Mike Wallace","WR","PIT                  PIT","22","2009","2011","3","$1,740,500","$580,167","0.47%","$555,550","","$555,550","$1,260,550","$1,785,550"
"Marko Mitchell","WR","WAS                  WAS","23","2009","2012","4","$1,739,500","$434,875","0.35%","$43,500","","","$748,500","$748,500"
"Jordan Kent","WR","SEA                  SEA","22","2007","2010","4","$1,737,750","$434,438","0.40%","$72,750","","","",""
"Jonathan Orr","WR","TEN                  TEN","22","2006","2009","4","$1,723,000","$430,750","0.42%","$113,000","$113,000","$113,000","",""
"John Broussard","WR","JAX                  JAX","23","2007","2010","4","$1,714,850","$428,713","0.39%","$49,850","","","$334,850","$334,850"
"Chandler Williams","WR","MIN                  MIN","21","2007","2010","4","$1,710,750","$427,688","0.39%","$45,750","","","",""
"Syndric Steptoe","WR","CLE                  CLE","22","2007","2010","4","$1,710,500","$427,625","0.39%","$45,500","","","$295,000","$295,000"
"Adam Jennings","WR","ATL                  ATL","23","2006","2009","4","$1,704,400","$426,100","0.42%","$94,400","$94,400","$94,400","$729,400","$1,174,400"
"Jeff Webb","WR","KC                  KC","23","2006","2009","4","$1,703,000","$425,750","0.42%","$93,000","$93,000","$93,000","$728,000","$1,173,000"
"Antonio Freeman","WR","PHI                  PHI","29","2002","2002","1","$1,700,000","$1,700,000","2.39%","","","","$900,000","$900,000"
"Chansi Stuckey","WR","NYJ                  NYJ","23","2007","2010","4","$1,699,775","$424,944","0.39%","$34,775","","$34,775","$536,088","$996,088"
"Mike Hass","WR","NO                  NO","22","2006","2009","4","$1,695,875","$423,969","0.42%","$85,875","","","",""
"Yamon Figurs","WR","BAL                  BAL","24","2007","2009","3","$1,693,500","$564,500","0.52%","$578,500","$578,500","$578,500","$1,233,500","$1,693,500"
"Dexter Jackson","WR","TB                  TB","22","2009","2011","4","$1,689,000","$422,250","0.34%","$928,000","","","$1,608,000","$2,078,000"
"Devin Aromashodu","WR","MIA                  MIA","21","2006","2009","4","$1,660,025","$415,006","0.41%","$45,025","","","$635,000","$635,000"
"Bennie Brazell","WR","CIN                  CIN","23","2006","2009","4","$1,655,500","$413,875","0.41%","$45,500","$45,500","$45,500","$510,500","$510,500"
"Ben Obomanu","WR","SEA                  SEA","22","2006","2009","4","$1,646,000","$411,500","0.40%","$36,000","$36,000","$36,000","$400,900","$615,900"
"Maurice Stovall","WR","TB                  TB","20","2006","2009","4","$1,640,000","$410,000","0.40%","$640,000","$640,000","$640,000","$1,275,000","$1,720,000"
"Kevin Curtis","WR","STL                  STL","27","2006","2006","1","$1,573,000","$1,573,000","1.54%","","","","$1,573,000","$1,573,000"
"Malcom Floyd","WR","SD                  SD","27","2009","2009","1","$1,545,000","$1,545,000","1.26%","","","","$1,545,000","$1,545,000"
"Lance Moore","WR","NO                  NO","25","2009","2009","1","$1,545,000","$1,545,000","1.26%","","","","$1,545,000","$1,545,000"
"Sam Hurd","WR","DAL                  DAL","23","2009","2009","1","$1,545,000","$1,545,000","1.26%","","","","",""
"Miles Austin","WR","DAL                  DAL","24","2009","2009","1","$1,545,000","$1,545,000","1.26%","","","","$1,545,000","$1,545,000"
"Willie Reid","WR","PIT                  PIT","23","2006","2008","3","$1,534,000","$511,333","0.50%","$453,100","$453,100","$453,100","$1,088,100","$1,088,100"
"Justin Gage","WR","CHI                  CHI","21","2003","2006","4","$1,523,200","$380,800","0.51%","$153,200","$153,200","$153,200","$683,200","$1,063,200"
"Rasheed Marshall","WR","SF                  SF","23","2005","2008","4","$1,521,000","$380,250","0.44%","$136,000","","$136,000","",""
"Marcus Smith","WR","BAL                  BAL","22","2008","2010","3","$1,519,125","$506,375","0.44%","$369,125","","$369,125","$1,049,125","$1,519,125"
"Nate Burleson","WR","MIN                  MIN","21","2003","2005","3","$1,493,000","$497,667","0.66%","$529,000","$529,000","$529,000","$1,059,000","$1,439,000"
"Jamaar Taylor","WR","NYG                  NYG","","2004","2007","4","$1,480,000","$370,000","0.46%","$100,000","$100,000","$100,000","$635,000","$1,020,000"
"Keenan Burton","WR","STL                  STL","23","2008","2010","3","$1,459,000","$486,333","0.42%","$309,000","","","$989,000","$989,000"
"Kelley Washington","WR","CIN                  CIN","23","2003","2005","3","$1,447,000","$482,333","0.64%","$537,000","$537,000","$537,000","$1,067,000","$1,447,000"
"Marcus Maxwell","WR","SF                  SF","21","2005","2008","4","$1,444,164","$361,041","0.42%","$59,164","","$59,164","",""
"Derrick Hamilton","WR","SF                  SF","22","2004","2006","3","$1,443,800","$481,267","0.60%","$523,800","$523,800","$523,800","$1,058,800","$1,443,800"
"Kevin Curtis","WR","STL                  STL","24","2003","2005","3","$1,431,000","$477,000","0.64%","$521,000","$521,000","$521,000","$1,051,000","$1,431,000"
"Harry Williams","WR","NYJ                  NYJ","22","2005","2008","4","$1,429,250","$357,313","0.42%","$44,250","","$44,250","",""
"Nate Washington","WR","PIT                  PIT","24","2008","2008","1","$1,417,000","$1,417,000","1.22%","","","","$1,417,000","$1,417,000"
"Devard Darling","WR","BAL                  BAL","21","2004","2006","3","$1,415,000","$471,667","0.59%","$495,000","$495,000","$495,000","$935,000","$1,360,000"
"Demetrius Williams","WR","BAL                  BAL","22","2006","2008","3","$1,415,000","$471,667","0.46%","$335,000","","","$970,000","$1,415,000"
"Peter Warrick","WR","SEA                  SEA","27","2005","2005","1","$1,400,000","$1,400,000","1.64%","$500,000","","","$1,400,000","$1,400,000"
"Steve Smith","WR","CAR                  CAR","21","2001","2003","3","$1,398,000","$466,000","0.69%","$500,000","","$500,000","$1,009,000","$1,398,000"
"Devin Aromashodu","WR","CHI                  CHI","23","2008","2010","3","$1,375,000","$458,333","0.40%","","","","$830,000","$1,375,000"
"Kenneth Moore","WR","DET                  DET","","2008","2010","3","$1,308,000","$436,000","0.38%","$158,000","","","",""
"D.J. Hackett","WR","SEA                  SEA","25","2007","2007","1","$1,300,000","$1,300,000","1.19%","","","","$1,300,000","$1,300,000"
"Ernest Wilford","WR","JAX                  JAX","27","2007","2007","1","$1,300,000","$1,300,000","1.19%","","","","$1,300,000","$1,300,000"
"Eric Crouch","WR","STL                  STL","23","2002","2004","3","$1,300,000","$433,333","0.61%","$395,000","$395,000","$395,000","$525,000","$905,000"
"Drew Carter","WR","CAR                  CAR","25","2007","2007","1","$1,300,000","$1,300,000","1.19%","","","","$1,300,000","$1,300,000"
"Laveranues Coles","WR","NYJ                  NYJ","22","2000","2002","3","$1,276,000","$425,333","0.68%","$450,000","","$450,000","$941,000","$1,316,000"
"Jabar Gaffney","WR","NE                  NE","27","2008","2008","1","$1,275,000","$1,275,000","1.10%","$500,000","$500,000","$500,000","$1,275,000","$1,275,000"
"Quinten Lawrence","WR","KC                  KC","24","2009","2011","3","$1,275,000","$425,000","0.35%","$90,000","","","",""
"Jerome Mathis","WR","HOU                  HOU","21","2005","2007","3","$1,261,000","$420,333","0.49%","$336,000","","$336,000","$916,000","$1,351,000"
"Steve Breaston","WR","ARI                  ARI","23","2007","2009","3","$1,256,250","$418,750","0.38%","$141,250","","$141,250","$796,250","$1,256,250"
"Samie Parker","WR","KC                  KC","22","2004","2006","3","$1,253,000","$417,667","0.52%","$333,000","$333,000","$333,000","$868,000","$1,293,000"
"Craphonso Thorpe","WR","KC                  KC","21","2005","2007","3","$1,250,000","$416,667","0.49%","$325,000","","$325,000","",""
"Eric Weems","WR","ATL                  ATL","22","2008","2010","3","$1,246,840","$415,613","0.36%","","","","$489,117","$959,117"
"Chase Lyman","WR","NO                  NO","22","2005","2007","3","$1,243,000","$414,333","0.48%","$318,000","$318,000","$318,000","$548,000","$548,000"
"Danny Amendola","WR","STL                  STL","23","2009","2011","3","$1,230,000","$410,000","0.33%","","","","$668,529","$668,529"
"Kevin Robinson","WR","KC                  KC","23","2008","2010","3","$1,223,400","$407,800","0.35%","$73,400","","","$318,106","$318,106"
"Fred Gibson","WR","PIT                  PIT","23","2005","2007","3","$1,221,000","$407,000","0.48%","$296,000","","$296,000","",""
"Marques Hagans","WR","STL                  STL","23","2006","2008","3","$1,218,000","$406,000","0.40%","$138,000","","","",""
"Ernest Wilford","WR","JAX                  JAX","24","2004","2006","3","$1,215,000","$405,000","0.50%","$295,000","$295,000","$295,000","$830,000","$1,255,000"
"Derek Hagan","WR","NYG                  NYG","23","2008","2009","2","$1,195,000","$597,500","0.52%","","","","",""
"Justin Harper","WR","BAL                  BAL","18","2008","2010","3","$1,194,000","$398,000","0.34%","$44,000","","$44,000","$72,941","$72,941"
"Adrian Arrington","WR","NO                  NO","22","2008","2010","3","$1,183,375","$394,458","0.34%","$333,750","$333,750","$333,750","$918,750","$918,750"
"Jabar Gaffney","WR","NE                  NE","25","2006","2007","2","$1,180,000","$590,000","0.58%","","","","$1,205,000","$1,205,000"
"Dallas Baker","WR","PIT                  PIT","24","2007","2009","3","$1,154,750","$384,917","0.35%","$39,750","","","",""
"Chris Henry","WR","CIN                  CIN","24","2008","2009","2","$1,150,000","$575,000","0.50%","$10,000","$10,000","$10,000","$1,027,647","$1,027,647"
"Derek Stanley","WR","STL                  STL","21","2007","2009","3","$1,142,900","$380,967","0.35%","$27,900","","","",""
"Johnathan Holland","WR","OAK                  OAK","21","2007","2009","3","$1,140,000","$380,000","0.35%","$25,000","$25,000","$25,000","$215,000","$215,000"
"Brandon Lloyd","WR","SF                  SF","21","2003","2005","3","$1,137,000","$379,000","0.51%","$227,000","","$227,000","$757,000","$1,137,000"
"Troy Walters","WR","IND                  IND","25","2002","2004","2","$1,135,000","$567,500","0.80%","$150,000","","","$975,000","$1,510,000"
"Onrea Jones","WR","HOU                  HOU","23","2007","2009","3","$1,131,000","$377,000","0.35%","$16,000","","$16,000","",""
"Kevin McMahan","WR","OAK                  OAK","22","2006","2008","3","$1,104,900","$368,300","0.36%","$24,900","","","",""
"David Anderson","WR","HOU                  HOU","22","2006","2008","3","$1,104,700","$368,233","0.36%","$24,700","$24,700","$24,700","$659,700","$1,104,700"
"Marques Colston","WR","NO                  NO","22","2006","2008","3","$1,104,600","$368,200","0.36%","$24,600","","$24,600","$659,600","$1,159,600"
"Terrance Copper","WR","NO                  NO","24","2007","2007","1","$1,100,000","$1,100,000","1.01%","$350,000","","","",""
"Miles Austin","WR","DAL                  DAL","21","2006","2008","3","$1,096,400","$365,467","0.36%","$16,400","","$16,400","$651,400","$1,096,400"
"Sam Hurd","WR","DAL                  DAL","20","2006","2008","3","$1,090,000","$363,333","0.36%","$10,000","","$10,000","",""
"Larry Brackins","WR","TB                  TB","22","2005","2007","3","$1,048,500","$349,500","0.41%","$123,500","","$123,500","",""
"Maurice Mann","WR","CIN                  CIN","21","2004","2006","3","$1,039,500","$346,500","0.43%","$119,500","$119,500","$119,500","",""
"Greg Lewis","WR","PHI                  PHI","22","2003","2004","2","$1,030,500","$515,250","0.69%","","","","",""
"D.J. Hackett","WR","SEA                  SEA","22","2004","2006","3","$1,027,750","$342,583","0.43%","$112,750","$112,750","$112,750","$647,750","$1,072,750"
"Drew Carter","WR","CAR                  CAR","22","2004","2006","3","$1,025,250","$341,750","0.42%","$105,250","$105,250","$105,250","$545,250","$970,250"
"David Patten","WR","NO                  NO","32","2007","2007","1","$1,020,000","$1,020,000","0.94%","$200,000","$200,000","$200,000","$1,020,000","$1,020,000"
"Rashied Davis","WR","CHI                  CHI","25","2005","2007","3","$1,015,000","$338,333","0.40%","","","","",""
"Ruvell Martin","WR","GB                  GB","26","2009","2009","1","$1,010,000","$1,010,000","0.82%","","","","$1,010,000","$1,010,000"
"Demetrius Williams","WR","BAL                  BAL","25","2009","2009","1","$1,010,000","$1,010,000","0.82%","","","","$1,010,000","$1,010,000"
"Chad Owens","WR","JAX                  JAX","22","2005","2007","3","$1,003,000","$334,333","0.39%","$78,000","","$78,000","",""
"Kevin Dyson","WR","CAR                  CAR","27","2003","2003","1","$1,000,000","$1,000,000","1.33%","$470,000","","","$1,000,000","$1,000,000"
"Justin Gage","WR","TEN                  TEN","25","2007","2007","1","$1,000,000","$1,000,000","0.92%","","","","$1,000,000","$1,000,000"
"Triandos Luke","WR","DEN                  DEN","22","2004","2006","3","$999,650","$333,217","0.41%","$79,650","$79,650","$79,650","$614,650","$999,650"
"Tab Perry","WR","CIN                  CIN","22","2005","2007","3","$998,000","$332,667","0.39%","$73,000","","$73,000","$653,000","$1,088,000"
"Dante Ridgeway","WR","STL                  STL","20","2005","2007","3","$995,000","$331,667","0.39%","$70,000","","$70,000","",""
"Jeris McIntyre","WR","KC                  KC","22","2004","2006","3","$979,000","$326,333","0.40%","$59,000","$59,000","$59,000","",""
"Clarence Moore","WR","BAL                  BAL","21","2004","2006","3","$969,500","$323,167","0.40%","$49,500","$49,500","$49,500","$584,500","$1,009,500"
"Arnaz Battle","WR","SF                  SF","22","2003","2005","3","$967,500","$322,500","0.43%","$57,500","$57,500","$57,500","$587,500","$587,500"
"Paris Warren","WR","TB                  TB","22","2005","2007","3","$966,000","$322,000","0.38%","$41,000","","$41,000","$580,000","$800,000"
"LeRon McCoy","WR","ARI                  ARI","22","2005","2007","3","$965,000","$321,667","0.38%","$40,000","","$40,000","$465,000","$465,000"
"Mark Jones","WR","TB                  TB","23","2004","2006","3","$961,500","$320,500","0.40%","$41,500","","$41,500","",""
"Sloan Thomas","WR","HOU                  HOU","22","2004","2006","3","$959,750","$319,917","0.40%","$39,750","","$39,750","",""
"Jonathan Smith","WR","BUF                  BUF","22","2004","2006","3","$958,750","$319,583","0.40%","$38,750","","$38,750","$121,764","$121,764"
"Patrick Crayton","WR","DAL                  DAL","24","2004","2006","3","$957,750","$319,250","0.40%","$37,750","","$37,750","",""
"Lance Moore","WR","NO                  NO","23","2007","2008","2","$955,000","$477,500","0.44%","","","","$955,000","$955,000"
"David Tyree","WR","NYG                  NYG","22","2003","2005","3","$953,100","$317,700","0.42%","","","","$530,000","$910,000"
"Derek Abney","WR","BAL                  BAL","23","2004","2006","3","$945,000","$315,000","0.39%","$25,000","$25,000","$25,000","$465,000","$465,000"
"Tab Perry","WR","MIA                  MIA","25","2008","2008","1","$935,000","$935,000","0.81%","","","","$658,750","$658,750"
"Cris Carter","WR","MIA                  MIA","36","2002","2002","1","$935,000","$935,000","1.32%","","","","$1,130,000","$1,130,000"
"T.J. Houshmandzadeh","WR","CIN                  CIN","23","2001","2003","3","$935,000","$311,667","0.46%","$37,000","$37,000","$37,000","$546,000","$935,000"
"Kevin Walter","WR","NYG                  NYG","21","2003","2005","3","$934,250","$311,417","0.42%","$24,250","","$24,250","$450,588","$830,588"
"Wes Welker","WR","MIA                  MIA","22","2004","2006","3","$932,941","$310,980","0.39%","","","","$535,000","$960,000"
"Terrance Copper","WR","DAL                  DAL","21","2004","2006","3","$930,000","$310,000","0.38%","$10,000","","","",""
"Romby Bryant","WR","ARI                  ARI","24","2004","2006","3","$929,000","$309,667","0.38%","$9,000","$9,000","$9,000","$544,000","$929,000"
"Aaron Moorehead","WR","IND                  IND","22","2003","2005","3","$920,000","$306,667","0.41%","$10,000","","","$540,000","$920,000"
"Troy Walters","WR","MIN                  MIN","23","2000","2002","3","$919,500","$306,500","0.49%","$93,500","","","$584,500","$959,500"
"Dallas Baker","WR","PIT                  PIT","26","2009","2010","2","$855,000","$427,500","0.35%","","","","$27,059","$27,059"
"Samie Parker","WR","KC                  KC","25","2007","2007","1","$850,000","$850,000","0.78%","","","","$850,000","$850,000"
"Devard Darling","WR","BAL                  BAL","24","2007","2007","1","$850,000","$850,000","0.78%","","","","$850,000","$850,000"
"Clarence Moore","WR","BAL                  BAL","24","2007","2007","1","$850,000","$850,000","0.78%","","","","",""
"Trevor Insley","WR","IND                  IND","22","2000","2002","3","$841,000","$280,333","0.45%","$15,000","","","$401,000","$759,000"
"Eric Moulds","WR","TEN                  TEN","33","2007","2007","1","$820,000","$820,000","0.75%","","","","$820,000","$820,000"
"LeRon McCoy","WR","SF                  SF","24","2007","2008","2","$805,000","$402,500","0.37%","","","","$296,470","$296,470"
"Tim Brown","WR","TB                  TB","37","2004","2004","1","$760,000","$760,000","0.94%","","","","$760,000","$760,000"
"Tom Nelson","WR","CIN                  CIN","22","2009","2010","2","$760,000","$380,000","0.31%","","","","",""
"Herman Moore","WR","NYG                  NYG","31","2001","2001","1","$750,000","$750,000","","","","","$750,000","$750,000"
"Aaron Moorehead","WR","IND                  IND","25","2006","2006","1","$721,600","$721,600","0.71%","","","","$721,600","$721,600"
"Kelley Washington","WR","CIN                  CIN","26","2006","2006","1","$721,600","$721,600","0.71%","","","","$721,600","$721,600"
"Travis Taylor","WR","OAK                  OAK","27","2007","2007","1","$720,000","$720,000","0.66%","","","","$720,000","$720,000"
"Troy Walters","WR","DET                  DET","30","2007","2007","1","$720,000","$720,000","0.66%","","","","$720,000","$720,000"
"Brandon Stokley","WR","DEN                  DEN","30","2007","2007","1","$720,000","$720,000","0.66%","","","","$1,510,000","$1,510,000"
"Maurice Price","WR","SF                  SF","23","2009","2010","2","$710,000","$355,000","0.29%","$5,000","","$5,000","$705,000","$705,000"
"Jaymar Johnson","WR","MIN                  MIN","24","2009","2010","2","$705,000","$352,500","0.29%","","","","$550,000","$550,000"
"Davone Bess","WR","MIA                  MIA","22","2008","2009","2","$687,000","$343,500","0.30%","$7,000","","$7,000","$687,000","$687,000"
"Daniel Wilcox","WR","BAL                  BAL","26","2004","2005","2","$685,000","$342,500","0.43%","","","","$685,000","$685,000"
"Dallas Baker","WR","PIT                  PIT","25","2008","2009","2","$680,000","$340,000","0.29%","","","","$202,812","$202,812"
"Brandon Lloyd","WR","DEN                  DEN","27","2009","2009","1","$670,000","$670,000","0.54%","$50,000","$50,000","$50,000","$670,000","$670,000"
"Logan Payne","WR","SEA                  SEA","21","2007","2008","2","$666,000","$333,000","0.31%","$11,000","","$11,000","$227,940","$227,940"
"Jerome Pathon","WR","ATL                  ATL","29","2005","2005","1","$665,000","$665,000","0.78%","","","","$665,000","$665,000"
"Eric Weems","WR","ATL                  ATL","21","2007","2008","2","$658,000","$329,000","0.30%","$3,000","$3,000","$3,000","$658,000","$658,000"
"Justin Jenkins","WR","BUF                  BUF","26","2007","2008","2","$655,000","$327,500","0.30%","","","","$554,411","$554,411"
"Ashley Lelie","WR","OAK                  OAK","27","2008","2008","1","$645,000","$645,000","0.56%","","","","$645,000","$645,000"
"Brandon Lloyd","WR","CHI                  CHI","26","2008","2008","1","$645,000","$645,000","0.56%","","","","$645,000","$645,000"
"T.J. Houshmandzadeh","WR","CIN                  CIN","26","2004","2004","1","$628,000","$628,000","0.78%","","","","$628,000","$628,000"
"Peter Warrick","WR","SEA                  SEA","28","2006","2006","1","$625,000","$625,000","0.61%","$40,000","","","$625,000","$625,000"
"Aaron Moorehead","WR","IND                  IND","26","2007","2007","1","$620,000","$620,000","0.57%","$25,000","","","$620,000","$620,000"
"David Tyree","WR","BAL                  BAL","28","2009","2009","1","$620,000","$620,000","0.50%","","","","$620,000","$620,000"
"Kelley Washington","WR","BAL                  BAL","29","2009","2009","1","$620,000","$620,000","0.50%","","","","$620,000","$620,000"
"Ernest Wilford","WR","JAX                  JAX","29","2009","2009","1","$620,000","$620,000","0.50%","","","","$620,000","$620,000"
"Terrance Copper","WR","KC                  KC","26","2009","2009","1","$620,000","$620,000","0.50%","","","","",""
"Antonio Bryant","WR","TB                  TB","26","2008","2008","1","$605,000","$605,000","0.52%","","","","$605,000","$605,000"
"Malcom Floyd","WR","SD                  SD","26","2008","2008","1","$605,000","$605,000","0.52%","","","","$605,000","$605,000"
"Reche Caldwell","WR","WAS                  WAS","27","2007","2007","1","$595,000","$595,000","0.55%","","","","$595,000","$595,000"
"Troy Walters","WR","ARI                  ARI","29","2006","2006","1","$585,000","$585,000","0.57%","","","","$275,000","$275,000"
"Terrence Wilkins","WR","IND                  IND","30","2006","2006","1","$585,000","$585,000","0.57%","","","","$585,000","$585,000"
"Troy Walters","WR","IND                  IND","28","2005","2005","1","$565,000","$565,000","0.66%","$25,000","","","$565,000","$565,000"
"Brandon Stokley","WR","BAL                  BAL","25","2002","2002","1","$563,000","$563,000","","","","","$563,000","$563,000"
"J.R. Russell","WR","TB                  TB","23","2005","2006","2","$558,250","$279,125","0.33%","$18,250","","$18,250","$248,250","$248,250"
"Ruvell Martin","WR","GB                  GB","23","2006","2007","2","$545,000","$272,500","0.27%","","","","$635,000","$635,000"
"Nate Washington","WR","PIT                  PIT","21","2005","2006","2","$542,500","$271,250","0.32%","$2,500","","$2,500","$566,470","$566,470"
"Kassim Osgood","WR","SD                  SD","22","2003","2004","2","$542,000","$271,000","0.36%","$12,000","","$12,000","$542,000","$542,000"
"David Patten","WR","NE                  NE","26","2001","2001","1","$540,000","$540,000","0.80%","$50,000","$50,000","$50,000","$540,000","$540,000"
"Romby Bryant","WR","ATL                  ATL","25","2005","2006","2","$540,000","$270,000","0.32%","","","","$540,000","$540,000"
"David Boston","WR","MIA                  MIA","26","2005","2005","1","$540,000","$540,000","0.63%","","","","$394,117","$394,117"
"Malcom Floyd","WR","SD                  SD","22","2004","2005","2","$540,000","$270,000","0.34%","$5,000","","$5,000","$125,881","$550,881"
"Ruvell Martin","WR","STL                  STL","26","2009","2009","1","$535,000","$535,000","0.43%","","","","$535,000","$535,000"
"Roydell Williams","WR","WAS                  WAS","27","2009","2009","1","$535,000","$535,000","0.43%","","","","$100,588","$100,588"
"Courtney Roby","WR","NO                  NO","25","2009","2009","1","$535,000","$535,000","0.43%","","","","$535,000","$535,000"
"Malcom Floyd","WR","SD                  SD","25","2007","2007","1","$510,000","$510,000","0.47%","","","","$510,000","$510,000"
"Torrance Small","WR","NE                  NE","30","2001","2001","1","$500,000","$500,000","0.74%","","","","$500,000","$500,000"
"Andre Rison","WR","OAK                  OAK","32","2000","2000","1","$500,000","$500,000","0.80%","","","","$500,000","$500,000"
"Tiquan Underwood","WR","JAX                  JAX","21","2009","2011","1","$480,000","$480,000","0.39%","","","","$705,000","$1,230,000"
"Derrick Mason","WR","TEN                  TEN","15","2000","2000","1","$472,000","$472,000","0.76%","","","","$472,000","$472,000"
"David Clowney","WR","NYJ                  NYJ","23","2009","2009","1","$460,000","$460,000","0.37%","","","","$460,000","$460,000"
"Kevin Williams","WR","SF                  SF","28","2000","2000","1","$450,000","$450,000","0.72%","","","","$450,000","$450,000"
"Brian Finneran","WR","ATL                  ATL","25","2002","2002","1","$450,000","$450,000","0.63%","","","","$660,000","$660,000"
"David Anderson","WR","HOU                  HOU","41","2008","2008","1","$445,000","$445,000","0.38%","","","","$445,000","$445,000"
"Bert Emanuel","WR","MIA                  MIA","29","2000","2000","1","$445,000","$445,000","0.72%","$5,000","$5,000","$5,000","$445,000","$445,000"
"Ruvell Martin","WR","GB                  GB","25","2008","2008","1","$445,000","$445,000","0.38%","","","","$445,000","$445,000"
"Courtney Roby","WR","NO                  NO","24","2008","2008","1","$445,000","$445,000","0.38%","","","","$445,000","$445,000"
"Harry Williams","WR","HOU                  HOU","25","2008","2008","1","$445,000","$445,000","0.38%","","","","$230,000","$230,000"
"Desmond Howard","WR","DET                  DET","29","2000","2000","1","$440,000","$440,000","0.71%","","","","$440,000","$440,000"
"Nate Washington","WR","PIT                  PIT","23","2007","2007","1","$435,000","$435,000","0.40%","","","","$435,000","$435,000"
"David Patten","WR","CLE                  CLE","25","2000","2000","1","$425,000","$425,000","0.68%","$15,000","$15,000","$15,000","$425,000","$425,000"
"Terrance Copper","WR","DAL                  DAL","23","2006","2006","1","$425,000","$425,000","0.42%","","","","",""
"Patrick Crayton","WR","DAL                  DAL","26","2006","2006","1","$425,000","$425,000","0.42%","","","","$425,000","$425,000"
"Brian Finneran","WR","ATL                  ATL","24","2001","2001","1","$389,000","$389,000","0.58%","","","","$389,000","$389,000"
"Syndric Steptoe","WR","CLE                  CLE","40","2009","2009","1","$385,000","$385,000","0.31%","","","","$385,000","$385,000"
"Ben Obomanu","WR","SEA                  SEA","25","2009","2009","1","$385,000","$385,000","0.31%","","","","$385,000","$385,000"
"Kassim Osgood","WR","SD                  SD","24","2005","2005","1","$380,000","$380,000","0.44%","","","","$380,000","$380,000"
"Jason Carter","WR","CAR                  CAR","25","2008","2008","1","$370,000","$370,000","0.32%","","","","$370,000","$370,000"
"David Clowney","WR","NYJ                  NYJ","22","2008","2008","1","$370,000","$370,000","0.32%","","","","$1,870,000","$1,870,000"
"Greg Camarillo","WR","SD                  SD","24","2007","2007","1","$360,000","$360,000","0.33%","","","","",""
"Jason Carter","WR","CAR                  CAR","24","2007","2007","1","$360,000","$360,000","0.33%","","","","$42,352","$42,352"
"Stefan Logan","WR","PIT                  PIT","27","2009","2009","1","$310,000","$310,000","0.25%","","","","",""
"Nate Hughes","WR","JAX                  JAX","23","2009","2009","1","$310,000","$310,000","0.25%","","","","",""
"Syndric Steptoe","WR","CLE                  CLE","40","2008","2008","1","$295,000","$295,000","0.25%","","","","$295,000","$295,000"
"Chris Hannon","WR","SF                  SF","23","2008","2008","1","$295,000","$295,000","0.25%","","","","$17,532","$17,532"
"Brian Finneran","WR","ATL                  ATL","23","2000","2000","1","$290,000","$290,000","0.47%","$5,000","","","$290,000","$290,000"
"Lance Moore","WR","NO                  NO","22","2006","2006","1","$275,000","$275,000","0.27%","","","","$275,000","$275,000"
"Greg Camarillo","WR","SD                  SD","23","2006","2006","1","$275,000","$275,000","0.27%","","","","",""
"Lance Moore","WR","CLE                  CLE","21","2005","2005","1","$232,000","$232,000","0.27%","$2,000","$2,000","$2,000","$232,000","$232,000"
"Joshua Cribbs","WR","CLE                  CLE","21","2005","2005","1","$232,000","$232,000","0.27%","$2,000","","$2,000","$232,000","$232,000"
"Lance Moore","WR","NO                  NO","21","2005","2005","1","$230,000","$230,000","0.27%","","","","$230,000","$230,000"
"Maurice Price","WR","KC                  KC","21","2007","2008","2","$66,500","$33,250","0.03%","$10,000","","$10,000","$234,705","$234,705"
"Patrick Crayton","WR","DAL                  DAL","24","2004","2025","2","","","","","","","$498,282","$498,282"
"Ashley Lelie","WR","KC                  KC","28","2009","2009","1","","","","","","","",""

