feature,coefficient
(Intercept),0.012393347193346158
startYear,1.5456493393952038e-4
ageAtSigning,-1.856715731227026e-4
height,-3.502867189522793e-4
weight,4.30478720060945e-5
combineForty,-1.895826121346956e-4
combineBench,-1.6708047957899084e-4
combineVertical,-7.886479004591868e-5
combineBroadJump,5.312517853188184e-5
combineCone,-2.079533068210468e-4
combineShuttle,8.180465203681735e-5
draftYear,-5.321872590000304e-5
draftRound,-7.107997109802836e-4
draftPick,-2.82896645481348e-4
rookieSeason,-2.555927686063457e-4
yearsExpAtSigning,-4.936440595521666e-4
playerRefAgeGap,2.913305458043599e-4
playerRefRookieGap,-4.828898203909147e-4
observedContractNumber,-1.2416421576631238e-4
prevContractStartYear,-2.606941341791613e-5
prevContractEndYear,1.5744780188328502e-4
prevContractTerm,6.376986137401602e-4
prevContractAav,0.001093960284509755
prevContractAavPerc,0.0010786315619452113
gapSincePrevContractEnd,6.473969161025457e-4
prev1Season,1.1271459699488722e-4
prev2Season,1.0575838496311806e-4
regPrev1Games,-7.29407523206962e-4
regPrev1Targets,-3.1519017766633913e-4
regPrev1Receptions,-2.0429266230923826e-5
regPrev1ReceivingYards,8.282507795813944e-4
regPrev1ReceivingTds,5.429570971861686e-4
regPrev1ReceivingFirstDowns,5.682909688042878e-4
regPrev1ReceivingEpa,7.331222296048483e-4
regPrev1ReceivingAirYards,3.656593952516779e-4
regPrev1ReceivingYardsAfterCatch,-3.792384750052548e-5
regPrev1Carries,4.034399847787165e-4
regPrev1RushingYards,4.323000551468641e-4
regPrev1RushingTds,2.4872196486884246e-4
regPrev1TargetShare,-9.995301666077032e-5
regPrev1AirYardsShare,2.987606677933738e-4
regPrev1Wopr,8.45022528593185e-5
regPrev1TargetsPerGame,-2.2211738778176896e-4
regPrev1ReceptionsPerGame,-2.846309871667158e-4
regPrev1ReceivingYardsPerGame,8.193677300217786e-4
regPrev1ReceivingTdsPerGame,8.806456887420998e-5
regPrev1ReceivingFirstDownsPerGame,4.898031542596205e-4
regPrev1ReceivingEpaPerGame,2.446245166633759e-4
regPrev1CatchRate,1.480818662843386e-4
regPrev1YardsPerTarget,2.3831201760807432e-5
regPrev1YardsPerReception,-9.438421769248053e-5
regPrev1TdPerTarget,-2.7718372331811896e-4
regPrev1AirYardsPerTarget,7.741234895511186e-5
regPrev1YacPerReception,-1.355318842012789e-4
regPrev1RushYardsPerCarry,1.791363446622116e-4
regPrev1TeamTargetShareCalc,-5.971670337943875e-5
regPrev1TeamYardsShareCalc,3.871468823990654e-4
regPrev1TeamTdShareCalc,1.2967557221584344e-4
regPrev1TeamAirYardsShareCalc,3.1846564781943447e-4
regPrev2Games,-6.016327116274917e-4
regPrev2Targets,5.866880272095335e-5
regPrev2Receptions,-2.9361592111155216e-4
regPrev2ReceivingYards,1.2178065258773831e-4
regPrev2ReceivingTds,7.455464345386968e-4
regPrev2ReceivingFirstDowns,1.1633148397045665e-4
regPrev2ReceivingEpa,4.873931115619006e-4
regPrev2ReceivingAirYards,-8.842742966426781e-5
regPrev2ReceivingYardsAfterCatch,-2.807828465887525e-4
regPrev2Carries,-2.976398860679323e-4
regPrev2RushingYards,2.2502737465335433e-4
regPrev2RushingTds,1.9517770832989424e-4
regPrev2TargetShare,2.8043940956616853e-5
regPrev2AirYardsShare,1.9701545021606076e-4
regPrev2Wopr,1.2204540541611313e-4
regPrev2TargetsPerGame,5.900140966837534e-5
regPrev2ReceptionsPerGame,-2.6542988360619957e-4
regPrev2ReceivingYardsPerGame,2.6694653292650544e-4
regPrev2ReceivingTdsPerGame,2.9385272419772343e-4
regPrev2ReceivingFirstDownsPerGame,2.3519893447631785e-4
regPrev2ReceivingEpaPerGame,3.4225612221750205e-4
regPrev2CatchRate,2.4906491734429734e-5
regPrev2YardsPerTarget,-1.556941394078107e-4
regPrev2YardsPerReception,-2.8197329295202823e-4
regPrev2TdPerTarget,-1.8858013889219032e-4
regPrev2AirYardsPerTarget,1.300467807555295e-4
regPrev2YacPerReception,3.3313261301235895e-5
regPrev2RushYardsPerCarry,1.7981539205943597e-4
regPrev2TeamTargetShareCalc,-3.4948869493110105e-5
regPrev2TeamYardsShareCalc,9.813076719049037e-5
regPrev2TeamTdShareCalc,1.3251159704846956e-4
regPrev2TeamAirYardsShareCalc,1.1834631266065176e-4
regYearsAvailable,-8.820103018453364e-4
regWeightedGames,-8.585359673016079e-4
regDeltaGames,-7.483753183466824e-5
regWeightedTargets,-6.928192642636526e-5
regDeltaTargets,-6.160184524367635e-4
regWeightedReceptions,-2.1294301245278546e-5
regDeltaReceptions,-3.108165294718184e-4
regWeightedReceivingYards,6.499106133820956e-4
regDeltaReceivingYards,1.8632701887072092e-4
regWeightedReceivingTds,8.114950783487428e-4
regDeltaReceivingTds,-5.617911481707339e-4
regWeightedReceivingFirstDowns,4.4009082820235085e-4
regDeltaReceivingFirstDowns,-3.254417148240588e-5
regWeightedReceivingEpa,6.612883811155069e-4
regDeltaReceivingEpa,-3.751920513548891e-4
regWeightedReceivingAirYards,3.287678071994437e-4
regDeltaReceivingAirYards,7.112483368469373e-4
regWeightedReceivingYardsAfterCatch,-7.962052780639107e-5
regDeltaReceivingYardsAfterCatch,-2.3230154696154433e-4
regWeightedCarries,-1.854553678875382e-5
regDeltaCarries,3.504625909387396e-4
regWeightedRushingYards,1.2808099642817134e-4
regDeltaRushingYards,-5.054969970431396e-4
regWeightedRushingTds,1.1037490625692977e-4
regDeltaRushingTds,-1.4893182240775668e-4
regWeightedTargetShare,2.5746218476902443e-4
regDeltaTargetShare,-7.758032911362757e-5
regWeightedAirYardsShare,1.507777120302125e-4
regDeltaAirYardsShare,-1.2559901753993278e-4
regWeightedWopr,2.665927397202364e-4
regDeltaWopr,-9.234199202821884e-5
regWeightedTargetsPerGame,-1.479169201097873e-4
regDeltaTargetsPerGame,-6.0836341421505154e-5
regWeightedReceptionsPerGame,-3.5799931617757215e-4
regDeltaReceptionsPerGame,-4.688786954239005e-5
regWeightedReceivingYardsPerGame,5.112305172714379e-4
regDeltaReceivingYardsPerGame,6.030191534288603e-4
regWeightedReceivingTdsPerGame,4.5069087351584535e-5
regDeltaReceivingTdsPerGame,4.548306969093328e-5
regWeightedReceivingFirstDownsPerGame,3.2066118374138097e-4
regDeltaReceivingFirstDownsPerGame,3.6755093626257204e-4
regWeightedReceivingEpaPerGame,-7.435276130236023e-5
regDeltaReceivingEpaPerGame,-8.47848028294977e-7
regWeightedCatchRate,2.7216384072537275e-4
regDeltaCatchRate,-9.134188558541622e-5
regWeightedYardsPerTarget,1.8935484746578368e-5
regDeltaYardsPerTarget,-1.7674862373987237e-4
regWeightedYardsPerReception,-2.2866842250391856e-4
regDeltaYardsPerReception,1.0089698285150974e-4
regWeightedTdPerTarget,-7.110445865762967e-5
regDeltaTdPerTarget,-9.672262064005209e-5
regWeightedAirYardsPerTarget,1.0473742381427391e-4
regDeltaAirYardsPerTarget,-1.7945417565943202e-4
regWeightedYacPerReception,8.430216144824344e-5
regDeltaYacPerReception,-1.3879816810233067e-4
regWeightedRushYardsPerCarry,1.6320920798423686e-4
regDeltaRushYardsPerCarry,5.098861138912656e-5
regWeightedTeamTargetShareCalc,1.4242903210210005e-4
regDeltaTeamTargetShareCalc,-2.3488174527199656e-4
regWeightedTeamYardsShareCalc,5.915817352103172e-5
regDeltaTeamYardsShareCalc,2.7655689483126384e-4
regWeightedTeamTdShareCalc,2.2340981202430865e-4
regDeltaTeamTdShareCalc,8.708153409139126e-5
regWeightedTeamAirYardsShareCalc,8.885432498016353e-5
regDeltaTeamAirYardsShareCalc,-1.0252630270977706e-4
snapPrev1SnapGames,3.085489628095793e-4
snapPrev1OffenseSnaps,1.1667439570298759e-4
snapPrev1OffenseSnapsPerGame,2.3683171090634883e-4
snapPrev1OffensePctMean,3.693863619146576e-4
snapPrev1OffensePctMax,-3.883653408665554e-4
snapPrev1StSnaps,2.60567412017203e-4
snapPrev1StSnapsPerGame,-1.8841698250593092e-4
snapPrev1StPctMean,-2.3196727623218298e-4
snapPrev1OffenseSnapShare,-3.9812825747063854e-4
snapPrev2SnapGames,3.5959546935004916e-4
snapPrev2OffenseSnaps,5.466245428507512e-4
snapPrev2OffenseSnapsPerGame,7.34171706212532e-4
snapPrev2OffensePctMean,9.262363048345762e-4
snapPrev2OffensePctMax,-7.365646442633307e-5
snapPrev2StSnaps,2.3021995283597368e-4
snapPrev2StSnapsPerGame,-1.7902136535986808e-4
snapPrev2StPctMean,-1.0375151791082254e-4
snapPrev2OffenseSnapShare,-4.333697307721768e-4
snapYearsAvailable,-7.243640005921549e-6
snapWeightedSnapGames,7.891356492260774e-5
snapDeltaSnapGames,1.1447345279000113e-4
snapWeightedOffenseSnaps,-1.3315086436077855e-4
snapDeltaOffenseSnaps,4.3146752948157506e-4
snapWeightedOffenseSnapsPerGame,3.582725115158047e-5
snapDeltaOffenseSnapsPerGame,2.2906159670653314e-4
snapWeightedOffensePctMean,2.507001014449125e-4
snapDeltaOffensePctMean,1.2178682293825282e-4
snapWeightedOffensePctMax,-4.7737991935655166e-4
snapDeltaOffensePctMax,-1.7086773862797853e-5
snapWeightedStSnaps,3.817794233039221e-4
snapDeltaStSnaps,8.792082301118366e-5
snapWeightedStSnapsPerGame,6.1722333756236615e-6
snapDeltaStSnapsPerGame,9.400593761268733e-5
snapWeightedStPctMean,4.359907532883814e-6
snapDeltaStPctMean,-8.266690244931841e-5
snapWeightedOffenseSnapShare,-4.0335641107756707e-4
snapDeltaOffenseSnapShare,-2.5491845941415817e-4
ngsPrev1Targets,3.466695980138834e-4
ngsPrev1Receptions,7.559285101584495e-4
ngsPrev1Yards,9.366960650665509e-4
ngsPrev1RecTouchdowns,3.4990943447801685e-4
ngsPrev1CatchPercentage,3.1589574839141195e-4
ngsPrev1AvgCushion,4.004690339049836e-4
ngsPrev1AvgSeparation,2.682117894237609e-4
ngsPrev1AvgIntendedAirYards,8.96274184014856e-5
ngsPrev1PercentShareOfIntendedAirYards,3.6523920774651894e-4
ngsPrev1AvgYac,5.013246427336224e-4
ngsPrev1AvgExpectedYac,4.917570007431209e-6
ngsPrev1AvgYacAboveExpectation,8.141040076178878e-4
ngsPrev1YardsPerTarget,2.2322438100472804e-4
ngsPrev1YardsPerReception,-4.4758466281363876e-5
ngsPrev1TdPerTarget,1.1470964021168669e-4
ngsPrev2Targets,9.65396061174318e-5
ngsPrev2Receptions,1.8397321765170613e-4
ngsPrev2Yards,0.00107581313525759
ngsPrev2RecTouchdowns,-8.393727813127573e-5
ngsPrev2CatchPercentage,2.1282595877138695e-5
ngsPrev2AvgCushion,-1.2356093257725762e-4
ngsPrev2AvgSeparation,-1.8478070905650362e-4
ngsPrev2AvgIntendedAirYards,-3.7932425381373365e-4
ngsPrev2PercentShareOfIntendedAirYards,4.31504753800101e-6
ngsPrev2AvgYac,4.726133905251071e-4
ngsPrev2AvgExpectedYac,2.425349444634221e-4
ngsPrev2AvgYacAboveExpectation,4.8685971406318393e-4
ngsPrev2YardsPerTarget,5.065713242794382e-4
ngsPrev2YardsPerReception,1.2735399853794542e-4
ngsPrev2TdPerTarget,-7.94413464107868e-6
ngsYearsAvailable,7.992049816107677e-5
ngsWeightedTargets,-3.0070079149225516e-5
ngsDeltaTargets,7.822194116504047e-5
ngsWeightedReceptions,-2.232998088548417e-5
ngsDeltaReceptions,4.738005819321873e-4
ngsWeightedYards,6.115615767457389e-4
ngsDeltaYards,1.1216498254088263e-4
ngsWeightedRecTouchdowns,1.0105258995517012e-4
ngsDeltaRecTouchdowns,1.2695335055673386e-4
ngsWeightedCatchPercentage,-5.114476936339494e-4
ngsDeltaCatchPercentage,5.084255438284924e-4
ngsWeightedAvgCushion,-1.721390219506139e-4
ngsDeltaAvgCushion,-4.496479810785365e-5
ngsWeightedAvgSeparation,-3.644650102088235e-4
ngsDeltaAvgSeparation,-9.774923165395558e-4
ngsWeightedAvgIntendedAirYards,1.2050563623881421e-4
ngsDeltaAvgIntendedAirYards,1.7114813676198009e-4
ngsWeightedPercentShareOfIntendedAirYards,1.8509712446564477e-4
ngsDeltaPercentShareOfIntendedAirYards,1.8493059585818092e-4
ngsWeightedAvgYac,-1.1836208966394721e-4
ngsDeltaAvgYac,1.8814884605148358e-4
ngsWeightedAvgExpectedYac,-1.729622839431134e-4
ngsDeltaAvgExpectedYac,5.666764487936239e-4
ngsWeightedAvgYacAboveExpectation,3.997534492768278e-5
ngsDeltaAvgYacAboveExpectation,-2.8850566537677884e-4
ngsWeightedYardsPerTarget,-3.75639004702306e-4
ngsDeltaYardsPerTarget,1.416413245470684e-4
ngsWeightedYardsPerReception,-2.489890395420085e-4
ngsDeltaYardsPerReception,1.999261142555681e-4
ngsWeightedTdPerTarget,-9.294637766634362e-5
ngsDeltaTdPerTarget,3.0214193494805454e-4
teamPrev1Games,2.8188963873970285e-4
teamPrev1Wins,2.484844015272435e-4
teamPrev1Losses,-1.9453945913490406e-4
teamPrev1Ties,-8.52712677237029e-5
teamPrev1WinPct,2.0742372395782108e-4
teamPrev1Attempts,-1.9162527240928313e-4
teamPrev1PassingYards,5.947808967323231e-5
teamPrev1PassingTds,-8.069028558844519e-5
teamPrev1PassingEpa,-1.6943914857134318e-4
teamPrev1PassingCpoe,8.101133106900384e-5
teamPrev1Carries,1.4354256291838931e-5
teamPrev1RushingYards,1.4854805033626622e-4
teamPrev1RushingEpa,-1.434946409254865e-4
teamPrev1PointsAgainst,1.910516778483773e-4
teamPrev1Targets,-5.135733523953409e-6
teamPrev1ReceivingYards,7.50697324538539e-5
teamPrev1ReceivingTds,-6.377658784184362e-5
teamPrev1ReceivingAirYards,4.655182548178751e-5
teamPrev1PassRate,-3.315431687890364e-5
teamPrev1TeamPlays,-1.7428586360880723e-4
teamPrev1PassingYardsPerAttempt,2.6862030935324984e-4
teamPrev1PassingYardsPerGame,9.254628102032259e-5
teamPrev1PassingTdsPerGame,-2.3534896104912342e-5
teamPrev1PassingEpaPerGame,-1.406999357114882e-4
teamPrev1ReceivingYardsPerTarget,2.1370881609823978e-4
teamPrev1PassRateDiffLeague,8.699475189603514e-5
teamPrev1PassingYardsPerGameDiffLeague,2.203228124697138e-4
teamPrev1PassingEpaPerGameDiffLeague,-3.8518212788722995e-5
teamPrev2Games,2.1610702440428634e-4
teamPrev2Wins,1.701642465484047e-4
teamPrev2Losses,-1.2042213203487298e-4
teamPrev2Ties,-2.3858364389488874e-4
teamPrev2WinPct,1.470805120400351e-4
teamPrev2Attempts,-2.4496187191050736e-4
teamPrev2PassingYards,-8.071673649409456e-6
teamPrev2PassingTds,1.5738629665178427e-4
teamPrev2PassingEpa,-2.660072981308225e-4
teamPrev2PassingCpoe,1.7302048496453134e-4
teamPrev2Carries,-1.6106564490302638e-4
teamPrev2RushingYards,1.0972915055255613e-4
teamPrev2RushingEpa,1.4641907270280703e-4
teamPrev2PointsAgainst,5.4094189560090295e-5
teamPrev2Targets,2.486838979033335e-4
teamPrev2ReceivingYards,-6.445377603638746e-6
teamPrev2ReceivingTds,1.5672672050915997e-4
teamPrev2ReceivingAirYards,-8.067434906785526e-5
teamPrev2PassRate,5.895542309273665e-5
teamPrev2TeamPlays,-4.2754003683526527e-4
teamPrev2PassingYardsPerAttempt,2.821629871497878e-4
teamPrev2PassingYardsPerGame,4.432047006219166e-5
teamPrev2PassingTdsPerGame,1.5713957040645442e-4
teamPrev2PassingEpaPerGame,-2.2935660013459057e-4
teamPrev2ReceivingYardsPerTarget,-2.2431496553920152e-4
teamPrev2PassRateDiffLeague,1.1884578243821493e-4
teamPrev2PassingYardsPerGameDiffLeague,1.2926205252526714e-5
teamPrev2PassingEpaPerGameDiffLeague,-4.0274844782705894e-4
teamYearsAvailable,7.614550327103132e-4
teamWeightedGames,3.7987034418378535e-4
teamDeltaGames,6.704843660014651e-4
teamWeightedWins,9.531176128920574e-5
teamDeltaWins,-3.7667378574555836e-5
teamWeightedLosses,-1.2204147605745323e-4
teamDeltaLosses,9.175974677563792e-5
teamWeightedTies,9.488205671581586e-5
teamDeltaTies,-6.622829391706755e-5
teamWeightedWinPct,5.9742853501827324e-5
teamDeltaWinPct,-9.44648188855854e-5
teamWeightedAttempts,-3.542817996931502e-5
teamDeltaAttempts,-4.8620193603303885e-05
teamWeightedPassingYards,5.6993942124756465e-5
teamDeltaPassingYards,3.8095205681308974e-5
teamWeightedPassingTds,3.812638944075788e-5
teamDeltaPassingTds,5.7016922232310475e-5
teamWeightedPassingEpa,-1.7709450804266039e-4
teamDeltaPassingEpa,2.347756910086104e-6
teamWeightedPassingCpoe,2.0336317694931047e-6
teamDeltaPassingCpoe,-1.444193746646478e-4
teamWeightedCarries,-8.967555558907642e-5
teamDeltaCarries,9.928458323878356e-5
teamWeightedRushingYards,1.3317550449761819e-4
teamDeltaRushingYards,3.1608600144332515e-4
teamWeightedRushingEpa,-8.596359760773664e-5
teamDeltaRushingEpa,1.6827663588714052e-4
teamWeightedPointsAgainst,7.752909442177934e-5
teamDeltaPointsAgainst,1.1022369840630746e-4
teamWeightedTargets,1.3868989613011965e-4
teamDeltaTargets,-3.564372689838951e-4
teamWeightedReceivingYards,5.92888222343421e-5
teamDeltaReceivingYards,5.099591570741409e-5
teamWeightedReceivingTds,3.498099648339932e-5
teamDeltaReceivingTds,5.4204282504119136e-5
teamWeightedReceivingAirYards,2.3532521626705205e-4
teamDeltaReceivingAirYards,1.0658279478163999e-4
teamWeightedPassRate,1.2437534334662368e-4
teamDeltaPassRate,-6.051842405783428e-5
teamWeightedTeamPlays,-1.333433553296601e-4
teamDeltaTeamPlays,4.734435045771134e-5
teamWeightedPassingYardsPerAttempt,4.242940275883117e-5
teamDeltaPassingYardsPerAttempt,-2.3993597772168126e-7
teamWeightedPassingYardsPerGame,8.539161474271094e-5
teamDeltaPassingYardsPerGame,-7.378716728598753e-5
teamWeightedPassingTdsPerGame,6.573199965634373e-5
teamDeltaPassingTdsPerGame,-5.88777474525941e-6
teamWeightedPassingEpaPerGame,-1.641300586821611e-4
teamDeltaPassingEpaPerGame,-4.229578416990637e-5
teamWeightedReceivingYardsPerTarget,-1.5890935666779598e-4
teamDeltaReceivingYardsPerTarget,-1.7780344083952342e-4
teamWeightedPassRateDiffLeague,1.4894860719458192e-4
teamDeltaPassRateDiffLeague,4.5517027561672994e-5
teamWeightedPassingYardsPerGameDiffLeague,1.244824459828527e-5
teamDeltaPassingYardsPerGameDiffLeague,1.2881106991798855e-4
teamWeightedPassingEpaPerGameDiffLeague,-2.7048958189158e-4
teamDeltaPassingEpaPerGameDiffLeague,2.2866013079401112e-4
marketPrev1ContractCount,-3.339907734949645e-4
marketPrev1MedianTerm,-9.550775316560947e-6
marketPrev1MedianAav,3.416964633882605e-5
marketPrev1MedianAavPerc,-1.051483552567693e-4
marketPrev1P75AavPerc,-1.7032716843888817e-4
marketPrev1MedianAgeAtSigning,1.3453731308227327e-4
marketPrev2ContractCount,-3.4925428399605726e-4
marketPrev2MedianTerm,6.689973052668641e-5
marketPrev2MedianAav,1.0928239463531667e-5
marketPrev2MedianAavPerc,-2.1270906311931376e-4
marketPrev2P75AavPerc,-7.132864333547614e-5
marketPrev2MedianAgeAtSigning,1.7082043662132457e-4
marketWeightedContractCount,-3.407187142041001e-4
marketDeltaContractCount,8.60406043627415e-5
marketWeightedMedianTerm,1.1559856946241675e-5
marketDeltaMedianTerm,-9.97440340710536e-5
marketWeightedMedianAav,3.076177306666709e-5
marketDeltaMedianAav,5.417466124255554e-5
marketWeightedMedianAavPerc,-7.689481656780018e-5
marketDeltaMedianAavPerc,4.044704840698503e-4
marketWeightedP75AavPerc,7.02395822727233e-5
marketDeltaP75AavPerc,2.267654282140254e-4
marketWeightedMedianAgeAtSigning,1.589567235287375e-4
marketDeltaMedianAgeAtSigning,-3.754769316873276e-5
term_X2,4.908867861342751e-4
term_X3,0.0018499796315404895
term_X4,0.0028075311997546887
term_X5,0.004123263071804965
combineAvailable_yes,-8.396766329306543e-6
combineAvailable_unknown,1.2425444516041064e-4
undraftedFlag_yes,-8.137886954707301e-4
playerRefMatched_yes,-1.3938042428320415e-4
prevSignedTeam_ATL,-2.4071287791491532e-5
prevSignedTeam_BAL,5.52359039699572e-6
prevSignedTeam_BUF,3.1544199402809634e-4
prevSignedTeam_CAR,1.1530173247276603e-4
prevSignedTeam_CHI,4.5959249502363606e-5
prevSignedTeam_CIN,2.1213116899116023e-5
prevSignedTeam_CLE,-3.5726412985831707e-5
prevSignedTeam_DAL,-3.3625476063350034e-5
prevSignedTeam_DEN,-4.586903542118399e-5
prevSignedTeam_DET,1.792662662394332e-4
prevSignedTeam_GB,-1.4728258534654545e-5
prevSignedTeam_HOU,1.305076529414593e-4
prevSignedTeam_IND,8.40170754723732e-5
prevSignedTeam_JAX,-6.413541868565869e-5
prevSignedTeam_KC,1.9028290218396513e-4
prevSignedTeam_LA,8.715195796419177e-5
prevSignedTeam_LAC,-7.738734247306217e-5
prevSignedTeam_LV,-1.2111445218620248e-4
prevSignedTeam_MIA,1.500201812298343e-4
prevSignedTeam_MIN,-1.5737525332871872e-4
prevSignedTeam_NE,5.1954973639921326e-6
prevSignedTeam_NO,3.105071501559783e-5
prevSignedTeam_NYG,7.184137622197361e-5
prevSignedTeam_NYJ,-6.257149236885983e-5
prevSignedTeam_PHI,2.560355280610282e-5
prevSignedTeam_PIT,-1.5630836567071778e-5
prevSignedTeam_SEA,-6.183985226483323e-6
prevSignedTeam_SF,1.5680945570399495e-5
prevSignedTeam_TB,1.9977396388403876e-4
prevSignedTeam_TEN,-3.2775071534031056e-5
prevSignedTeam_WAS,1.5000196789554808e-4
prevSignedTeam_unknown,-0.0012297515202792809
prev1Team_ATL,-1.1969131223338958e-4
prev1Team_BAL,-1.9193514730586264e-4
prev1Team_BUF,-2.717789826736902e-4
prev1Team_CAR,2.690245796793891e-4
prev1Team_CHI,2.137507568171121e-4
prev1Team_CIN,1.1236269680226879e-4
prev1Team_CLE,5.4356904588698577e-5
prev1Team_DAL,1.3054473941708576e-4
prev1Team_DEN,3.894836522061806e-4
prev1Team_DET,1.6464824168814182e-4
prev1Team_GB,-1.7520902150165042e-5
prev1Team_HOU,-9.795233197057711e-5
prev1Team_IND,2.8859456449941995e-4
prev1Team_JAX,-5.3859479762848536e-5
prev1Team_KC,-5.8334873463146566e-5
prev1Team_LA,-1.6837819835145343e-4
prev1Team_LAC,2.802994487089869e-4
prev1Team_LV,-1.2158811722515797e-4
prev1Team_MIA,2.6004422121673337e-5
prev1Team_MIN,2.959891037189642e-4
prev1Team_NE,-3.490891440156099e-4
prev1Team_NO,-3.0442124241811545e-4
prev1Team_NYG,-1.1609637039664084e-4
prev1Team_NYJ,-7.67438300580776e-5
prev1Team_PHI,-9.270978908681245e-5
prev1Team_PIT,2.571859163022268e-6
prev1Team_SEA,1.1886743651819844e-4
prev1Team_SF,1.5836247279120083e-4
prev1Team_TB,2.588774489247623e-4
prev1Team_TEN,-1.218027065023602e-4
prev1Team_WAS,-2.5900392112186005e-4
prev1Team_unknown,-5.386537346009925e-4
prev2Team_ATL,1.687766073459652e-5
prev2Team_BAL,2.0978589825077979e-4
prev2Team_BUF,-1.764665255821072e-5
prev2Team_CAR,3.9519838500212955e-4
prev2Team_CHI,1.3402753006873472e-4
prev2Team_CIN,9.706521485241111e-5
prev2Team_CLE,-3.3044397362348634e-4
prev2Team_DAL,-3.901688352633443e-4
prev2Team_DEN,-3.3536558482064596e-5
prev2Team_DET,1.275768050764543e-4
prev2Team_GB,-9.619409733391136e-5
prev2Team_HOU,4.140464114853582e-5
prev2Team_IND,3.3070293567749137e-4
prev2Team_JAX,4.349519326370034e-5
prev2Team_KC,-1.8114435055021787e-4
prev2Team_LA,-2.353659600210656e-5
prev2Team_LAC,-3.87814427033874e-5
prev2Team_LV,1.5886687591532169e-4
prev2Team_MIA,1.673390903727335e-4
prev2Team_MIN,-1.6487020847039588e-4
prev2Team_NE,1.2795641630377204e-6
prev2Team_NO,-2.1441648971643541e-4
prev2Team_NYG,-2.8141126110196337e-4
prev2Team_NYJ,-2.3680995575537986e-4
prev2Team_PHI,8.176662373522592e-5
prev2Team_PIT,-1.8369997330901905e-4
prev2Team_SEA,9.278572437369198e-5
prev2Team_SF,5.6447472036298656e-5
prev2Team_TB,4.012377179916407e-5
prev2Team_TEN,-2.2842175319685233e-4
prev2Team_WAS,1.614742804378498e-4
prev2Team_unknown,-5.081780453266332e-4
priorTeamSame_yes,9.082795191852985e-4
priorTeamSame_unknown,1.0184133916836768e-4
regPrev1Available_yes,-8.083400366572823e-4
regPrev2Available_yes,-8.676348648243124e-4
snapPrev1Available_yes,-3.3384817386994034e-4
snapPrev2Available_yes,3.897596756153211e-4
ngsPrev1Available_yes,1.5244945881997206e-4
ngsPrev2Available_yes,2.5503612596522123e-5
teamPrev1Available_yes,6.324197736501252e-4
teamPrev2Available_yes,6.939564259394859e-4
