class,feature,coefficient
1,(Intercept),2.2588724431413922
1,startYear,0.023614915074293617
1,ageAtSigning,0.3194010453920403
1,height,0.05022288090237895
1,weight,0.012430956601871018
1,combineForty,0
1,combineBench,0
1,combineVertical,0
1,combineBroadJump,0
1,combineCone,0
1,combineShuttle,0
1,draftYear,0
1,draftRound,0
1,draftPick,0
1,rookieSeason,0
1,yearsExpAtSigning,0
1,playerRefAgeGap,0
1,playerRefRookieGap,0
1,observedContractNumber,0.030044992205309623
1,prevContractStartYear,0.28100315248215657
1,prevContractEndYear,0.16668432662371635
1,prevContractTerm,0
1,prevContractAav,-0.01830267878249857
1,prevContractAavPerc,-0.05079587974548384
1,gapSincePrevContractEnd,0.1145507317804488
1,prev1Season,0
1,prev2Season,0
1,regPrev1Games,-0.18918171695418268
1,regPrev1Targets,0
1,regPrev1Receptions,0
1,regPrev1ReceivingYards,-0.1223194048719963
1,regPrev1ReceivingTds,0
1,regPrev1ReceivingFirstDowns,-0.1565326750502869
1,regPrev1ReceivingEpa,-0.0738139942626133
1,regPrev1ReceivingAirYards,0
1,regPrev1ReceivingYardsAfterCatch,0
1,regPrev1Carries,-0.02886697350542093
1,regPrev1RushingYards,-0.0343149713358741
1,regPrev1RushingTds,0
1,regPrev1TargetShare,0
1,regPrev1AirYardsShare,0
1,regPrev1Wopr,0
1,regPrev1TargetsPerGame,0
1,regPrev1ReceptionsPerGame,0
1,regPrev1ReceivingYardsPerGame,-0.1528422525637884
1,regPrev1ReceivingTdsPerGame,0
1,regPrev1ReceivingFirstDownsPerGame,0
1,regPrev1ReceivingEpaPerGame,0
1,regPrev1CatchRate,0
1,regPrev1YardsPerTarget,0
1,regPrev1YardsPerReception,0
1,regPrev1TdPerTarget,0
1,regPrev1AirYardsPerTarget,0
1,regPrev1YacPerReception,-0.005033588546305763
1,regPrev1RushYardsPerCarry,0
1,regPrev1TeamTargetShareCalc,0
1,regPrev1TeamYardsShareCalc,0
1,regPrev1TeamTdShareCalc,-0.007511798830447025
1,regPrev1TeamAirYardsShareCalc,0
1,regPrev2Games,-0.16595850119631533
1,regPrev2Targets,0
1,regPrev2Receptions,0
1,regPrev2ReceivingYards,0
1,regPrev2ReceivingTds,0
1,regPrev2ReceivingFirstDowns,0
1,regPrev2ReceivingEpa,0
1,regPrev2ReceivingAirYards,0
1,regPrev2ReceivingYardsAfterCatch,0
1,regPrev2Carries,0
1,regPrev2RushingYards,0
1,regPrev2RushingTds,0
1,regPrev2TargetShare,0
1,regPrev2AirYardsShare,0
1,regPrev2Wopr,0
1,regPrev2TargetsPerGame,0
1,regPrev2ReceptionsPerGame,0
1,regPrev2ReceivingYardsPerGame,0
1,regPrev2ReceivingTdsPerGame,0
1,regPrev2ReceivingFirstDownsPerGame,0
1,regPrev2ReceivingEpaPerGame,0
1,regPrev2CatchRate,0
1,regPrev2YardsPerTarget,0
1,regPrev2YardsPerReception,0
1,regPrev2TdPerTarget,0
1,regPrev2AirYardsPerTarget,0
1,regPrev2YacPerReception,0
1,regPrev2RushYardsPerCarry,-0.02363616206585007
1,regPrev2TeamTargetShareCalc,0
1,regPrev2TeamYardsShareCalc,0
1,regPrev2TeamTdShareCalc,0
1,regPrev2TeamAirYardsShareCalc,0
1,regYearsAvailable,0
1,regWeightedGames,0
1,regDeltaGames,0
1,regWeightedTargets,0
1,regDeltaTargets,0
1,regWeightedReceptions,0
1,regDeltaReceptions,0
1,regWeightedReceivingYards,0
1,regDeltaReceivingYards,0
1,regWeightedReceivingTds,0
1,regDeltaReceivingTds,0
1,regWeightedReceivingFirstDowns,0
1,regDeltaReceivingFirstDowns,0
1,regWeightedReceivingEpa,0
1,regDeltaReceivingEpa,0
1,regWeightedReceivingAirYards,0
1,regDeltaReceivingAirYards,0
1,regWeightedReceivingYardsAfterCatch,0
1,regDeltaReceivingYardsAfterCatch,0
1,regWeightedCarries,0
1,regDeltaCarries,0
1,regWeightedRushingYards,0
1,regDeltaRushingYards,0
1,regWeightedRushingTds,0
1,regDeltaRushingTds,0
1,regWeightedTargetShare,0
1,regDeltaTargetShare,0
1,regWeightedAirYardsShare,0
1,regDeltaAirYardsShare,0
1,regWeightedWopr,0
1,regDeltaWopr,0
1,regWeightedTargetsPerGame,0
1,regDeltaTargetsPerGame,0
1,regWeightedReceptionsPerGame,0
1,regDeltaReceptionsPerGame,0
1,regWeightedReceivingYardsPerGame,0
1,regDeltaReceivingYardsPerGame,-0.018897091877704827
1,regWeightedReceivingTdsPerGame,0
1,regDeltaReceivingTdsPerGame,0
1,regWeightedReceivingFirstDownsPerGame,0
1,regDeltaReceivingFirstDownsPerGame,-0.03975351355185972
1,regWeightedReceivingEpaPerGame,0
1,regDeltaReceivingEpaPerGame,0
1,regWeightedCatchRate,0
1,regDeltaCatchRate,0
1,regWeightedYardsPerTarget,0
1,regDeltaYardsPerTarget,0
1,regWeightedYardsPerReception,0
1,regDeltaYardsPerReception,0
1,regWeightedTdPerTarget,0
1,regDeltaTdPerTarget,0
1,regWeightedAirYardsPerTarget,0
1,regDeltaAirYardsPerTarget,0
1,regWeightedYacPerReception,-0.013143001102468717
1,regDeltaYacPerReception,0
1,regWeightedRushYardsPerCarry,0
1,regDeltaRushYardsPerCarry,0.0325728201627064
1,regWeightedTeamTargetShareCalc,-0.06946007597581477
1,regDeltaTeamTargetShareCalc,0
1,regWeightedTeamYardsShareCalc,0
1,regDeltaTeamYardsShareCalc,0
1,regWeightedTeamTdShareCalc,0
1,regDeltaTeamTdShareCalc,0
1,regWeightedTeamAirYardsShareCalc,0
1,regDeltaTeamAirYardsShareCalc,0
1,snapPrev1SnapGames,0
1,snapPrev1OffenseSnaps,-0.05255086771337128
1,snapPrev1OffenseSnapsPerGame,0
1,snapPrev1OffensePctMean,0
1,snapPrev1OffensePctMax,0
1,snapPrev1StSnaps,0
1,snapPrev1StSnapsPerGame,0
1,snapPrev1StPctMean,0
1,snapPrev1OffenseSnapShare,0
1,snapPrev2SnapGames,-0.034509025790974465
1,snapPrev2OffenseSnaps,0
1,snapPrev2OffenseSnapsPerGame,0
1,snapPrev2OffensePctMean,0
1,snapPrev2OffensePctMax,0
1,snapPrev2StSnaps,0
1,snapPrev2StSnapsPerGame,0
1,snapPrev2StPctMean,0
1,snapPrev2OffenseSnapShare,0
1,snapYearsAvailable,0
1,snapWeightedSnapGames,0
1,snapDeltaSnapGames,0
1,snapWeightedOffenseSnaps,0
1,snapDeltaOffenseSnaps,0
1,snapWeightedOffenseSnapsPerGame,0
1,snapDeltaOffenseSnapsPerGame,0
1,snapWeightedOffensePctMean,0
1,snapDeltaOffensePctMean,0
1,snapWeightedOffensePctMax,0
1,snapDeltaOffensePctMax,0
1,snapWeightedStSnaps,0
1,snapDeltaStSnaps,0
1,snapWeightedStSnapsPerGame,0
1,snapDeltaStSnapsPerGame,0
1,snapWeightedStPctMean,0
1,snapDeltaStPctMean,0
1,snapWeightedOffenseSnapShare,0
1,snapDeltaOffenseSnapShare,0
1,ngsPrev1Targets,0
1,ngsPrev1Receptions,0
1,ngsPrev1Yards,0
1,ngsPrev1RecTouchdowns,0
1,ngsPrev1CatchPercentage,0
1,ngsPrev1AvgCushion,0
1,ngsPrev1AvgSeparation,0
1,ngsPrev1AvgIntendedAirYards,0
1,ngsPrev1PercentShareOfIntendedAirYards,0
1,ngsPrev1AvgYac,0
1,ngsPrev1AvgExpectedYac,0
1,ngsPrev1AvgYacAboveExpectation,0
1,ngsPrev1YardsPerTarget,0
1,ngsPrev1YardsPerReception,0
1,ngsPrev1TdPerTarget,0
1,ngsPrev2Targets,0
1,ngsPrev2Receptions,0
1,ngsPrev2Yards,0
1,ngsPrev2RecTouchdowns,0
1,ngsPrev2CatchPercentage,0
1,ngsPrev2AvgCushion,-0.018822092598165537
1,ngsPrev2AvgSeparation,0
1,ngsPrev2AvgIntendedAirYards,0
1,ngsPrev2PercentShareOfIntendedAirYards,0
1,ngsPrev2AvgYac,0
1,ngsPrev2AvgExpectedYac,0
1,ngsPrev2AvgYacAboveExpectation,0
1,ngsPrev2YardsPerTarget,0
1,ngsPrev2YardsPerReception,0
1,ngsPrev2TdPerTarget,0
1,ngsYearsAvailable,0
1,ngsWeightedTargets,0
1,ngsDeltaTargets,0
1,ngsWeightedReceptions,0
1,ngsDeltaReceptions,0
1,ngsWeightedYards,0
1,ngsDeltaYards,0
1,ngsWeightedRecTouchdowns,0
1,ngsDeltaRecTouchdowns,0
1,ngsWeightedCatchPercentage,0
1,ngsDeltaCatchPercentage,0
1,ngsWeightedAvgCushion,0
1,ngsDeltaAvgCushion,0
1,ngsWeightedAvgSeparation,0
1,ngsDeltaAvgSeparation,0.06497052714787431
1,ngsWeightedAvgIntendedAirYards,0
1,ngsDeltaAvgIntendedAirYards,-4.1359338422080683e-4
1,ngsWeightedPercentShareOfIntendedAirYards,-0.14158306015218805
1,ngsDeltaPercentShareOfIntendedAirYards,-0.025722053922611624
1,ngsWeightedAvgYac,0
1,ngsDeltaAvgYac,0
1,ngsWeightedAvgExpectedYac,0
1,ngsDeltaAvgExpectedYac,0
1,ngsWeightedAvgYacAboveExpectation,0
1,ngsDeltaAvgYacAboveExpectation,0
1,ngsWeightedYardsPerTarget,0
1,ngsDeltaYardsPerTarget,0
1,ngsWeightedYardsPerReception,0
1,ngsDeltaYardsPerReception,-0.014070213762573069
1,ngsWeightedTdPerTarget,-0.008359582800791092
1,ngsDeltaTdPerTarget,0
1,teamPrev1Games,-0.007638431715657768
1,teamPrev1Wins,-0.055798443526174954
1,teamPrev1Losses,0
1,teamPrev1Ties,0
1,teamPrev1WinPct,0
1,teamPrev1Attempts,0.004994086608111995
1,teamPrev1PassingYards,0
1,teamPrev1PassingTds,0
1,teamPrev1PassingEpa,0
1,teamPrev1PassingCpoe,0
1,teamPrev1Carries,0
1,teamPrev1RushingYards,0
1,teamPrev1RushingEpa,0
1,teamPrev1PointsAgainst,0
1,teamPrev1Targets,0
1,teamPrev1ReceivingYards,0
1,teamPrev1ReceivingTds,0
1,teamPrev1ReceivingAirYards,0
1,teamPrev1PassRate,0
1,teamPrev1TeamPlays,0
1,teamPrev1PassingYardsPerAttempt,0
1,teamPrev1PassingYardsPerGame,0
1,teamPrev1PassingTdsPerGame,0
1,teamPrev1PassingEpaPerGame,0
1,teamPrev1ReceivingYardsPerTarget,0
1,teamPrev1PassRateDiffLeague,0
1,teamPrev1PassingYardsPerGameDiffLeague,0
1,teamPrev1PassingEpaPerGameDiffLeague,0
1,teamPrev2Games,0
1,teamPrev2Wins,0
1,teamPrev2Losses,0
1,teamPrev2Ties,0
1,teamPrev2WinPct,0
1,teamPrev2Attempts,0
1,teamPrev2PassingYards,0
1,teamPrev2PassingTds,0
1,teamPrev2PassingEpa,0
1,teamPrev2PassingCpoe,0
1,teamPrev2Carries,0
1,teamPrev2RushingYards,0
1,teamPrev2RushingEpa,0
1,teamPrev2PointsAgainst,0.048911429648516136
1,teamPrev2Targets,0
1,teamPrev2ReceivingYards,0
1,teamPrev2ReceivingTds,0
1,teamPrev2ReceivingAirYards,0
1,teamPrev2PassRate,0
1,teamPrev2TeamPlays,0
1,teamPrev2PassingYardsPerAttempt,0
1,teamPrev2PassingYardsPerGame,0
1,teamPrev2PassingTdsPerGame,0
1,teamPrev2PassingEpaPerGame,0
1,teamPrev2ReceivingYardsPerTarget,0
1,teamPrev2PassRateDiffLeague,0
1,teamPrev2PassingYardsPerGameDiffLeague,0
1,teamPrev2PassingEpaPerGameDiffLeague,0
1,teamYearsAvailable,0
1,teamWeightedGames,0
1,teamDeltaGames,0
1,teamWeightedWins,0
1,teamDeltaWins,0
1,teamWeightedLosses,0
1,teamDeltaLosses,0
1,teamWeightedTies,0
1,teamDeltaTies,0
1,teamWeightedWinPct,0
1,teamDeltaWinPct,0
1,teamWeightedAttempts,0.013527208668833866
1,teamDeltaAttempts,0
1,teamWeightedPassingYards,0
1,teamDeltaPassingYards,0
1,teamWeightedPassingTds,0
1,teamDeltaPassingTds,0
1,teamWeightedPassingEpa,0
1,teamDeltaPassingEpa,0
1,teamWeightedPassingCpoe,0
1,teamDeltaPassingCpoe,0
1,teamWeightedCarries,0
1,teamDeltaCarries,0
1,teamWeightedRushingYards,0
1,teamDeltaRushingYards,0
1,teamWeightedRushingEpa,0
1,teamDeltaRushingEpa,0
1,teamWeightedPointsAgainst,0
1,teamDeltaPointsAgainst,-0.009413402138832737
1,teamWeightedTargets,0
1,teamDeltaTargets,0
1,teamWeightedReceivingYards,0
1,teamDeltaReceivingYards,0
1,teamWeightedReceivingTds,0
1,teamDeltaReceivingTds,0
1,teamWeightedReceivingAirYards,0
1,teamDeltaReceivingAirYards,0.0034140492379602806
1,teamWeightedPassRate,0
1,teamDeltaPassRate,0
1,teamWeightedTeamPlays,0
1,teamDeltaTeamPlays,0.006669110847055209
1,teamWeightedPassingYardsPerAttempt,0
1,teamDeltaPassingYardsPerAttempt,-0.05328767373201519
1,teamWeightedPassingYardsPerGame,0
1,teamDeltaPassingYardsPerGame,0
1,teamWeightedPassingTdsPerGame,0
1,teamDeltaPassingTdsPerGame,0
1,teamWeightedPassingEpaPerGame,0
1,teamDeltaPassingEpaPerGame,0
1,teamWeightedReceivingYardsPerTarget,0
1,teamDeltaReceivingYardsPerTarget,0
1,teamWeightedPassRateDiffLeague,0
1,teamDeltaPassRateDiffLeague,0
1,teamWeightedPassingYardsPerGameDiffLeague,0
1,teamDeltaPassingYardsPerGameDiffLeague,0
1,teamWeightedPassingEpaPerGameDiffLeague,0
1,teamDeltaPassingEpaPerGameDiffLeague,0
1,marketPrev1ContractCount,0
1,marketPrev1MedianTerm,0
1,marketPrev1MedianAav,0
1,marketPrev1MedianAavPerc,0
1,marketPrev1P75AavPerc,0
1,marketPrev1MedianAgeAtSigning,0
1,marketPrev2ContractCount,0
1,marketPrev2MedianTerm,-0.025992975000502093
1,marketPrev2MedianAav,0
1,marketPrev2MedianAavPerc,0
1,marketPrev2P75AavPerc,0
1,marketPrev2MedianAgeAtSigning,0
1,marketWeightedContractCount,0
1,marketDeltaContractCount,-0.12751308088388544
1,marketWeightedMedianTerm,0
1,marketDeltaMedianTerm,0
1,marketWeightedMedianAav,0
1,marketDeltaMedianAav,0
1,marketWeightedMedianAavPerc,0
1,marketDeltaMedianAavPerc,0
1,marketWeightedP75AavPerc,0
1,marketDeltaP75AavPerc,0
1,marketWeightedMedianAgeAtSigning,0.015903688462357526
1,marketDeltaMedianAgeAtSigning,0
1,combineAvailable_yes,0
1,combineAvailable_unknown,0
1,undraftedFlag_yes,0
1,playerRefMatched_yes,0
1,prevSignedTeam_ATL,-0.02181490801149017
1,prevSignedTeam_BAL,0.005116183889291435
1,prevSignedTeam_BUF,-0.0048897543292133255
1,prevSignedTeam_CAR,0.031024092014027563
1,prevSignedTeam_CHI,0
1,prevSignedTeam_CIN,0
1,prevSignedTeam_CLE,0
1,prevSignedTeam_DAL,0
1,prevSignedTeam_DEN,0
1,prevSignedTeam_DET,0
1,prevSignedTeam_GB,0
1,prevSignedTeam_HOU,0
1,prevSignedTeam_IND,0
1,prevSignedTeam_JAX,0
1,prevSignedTeam_KC,0
1,prevSignedTeam_LA,0
1,prevSignedTeam_LAC,0
1,prevSignedTeam_LV,0
1,prevSignedTeam_MIA,-0.00430556864484029
1,prevSignedTeam_MIN,0
1,prevSignedTeam_NE,0
1,prevSignedTeam_NO,0
1,prevSignedTeam_NYG,0.05729268395217557
1,prevSignedTeam_NYJ,0.04242195663520757
1,prevSignedTeam_PHI,0
1,prevSignedTeam_PIT,0
1,prevSignedTeam_SEA,0
1,prevSignedTeam_SF,0
1,prevSignedTeam_TB,0
1,prevSignedTeam_TEN,0
1,prevSignedTeam_WAS,0.0020274453666967386
1,prevSignedTeam_unknown,-0.09700715563657311
1,prev1Team_ATL,0
1,prev1Team_BAL,0
1,prev1Team_BUF,0
1,prev1Team_CAR,0
1,prev1Team_CHI,0
1,prev1Team_CIN,0
1,prev1Team_CLE,0
1,prev1Team_DAL,-0.023946572882834506
1,prev1Team_DEN,0
1,prev1Team_DET,0
1,prev1Team_GB,0
1,prev1Team_HOU,0
1,prev1Team_IND,0
1,prev1Team_JAX,0
1,prev1Team_KC,0
1,prev1Team_LA,0
1,prev1Team_LAC,0.029331766325155932
1,prev1Team_LV,0
1,prev1Team_MIA,0
1,prev1Team_MIN,0
1,prev1Team_NE,0
1,prev1Team_NO,0
1,prev1Team_NYG,0
1,prev1Team_NYJ,0
1,prev1Team_PHI,0
1,prev1Team_PIT,0
1,prev1Team_SEA,0
1,prev1Team_SF,-0.008730203235446496
1,prev1Team_TB,0
1,prev1Team_TEN,0
1,prev1Team_WAS,0
1,prev1Team_unknown,0
1,prev2Team_ATL,0
1,prev2Team_BAL,0
1,prev2Team_BUF,0
1,prev2Team_CAR,0
1,prev2Team_CHI,0
1,prev2Team_CIN,0
1,prev2Team_CLE,0.011129999172492789
1,prev2Team_DAL,0
1,prev2Team_DEN,0
1,prev2Team_DET,0
1,prev2Team_GB,0
1,prev2Team_HOU,0
1,prev2Team_IND,0
1,prev2Team_JAX,0
1,prev2Team_KC,0.02443068330945497
1,prev2Team_LA,0
1,prev2Team_LAC,0
1,prev2Team_LV,0
1,prev2Team_MIA,-0.04679169658219561
1,prev2Team_MIN,0
1,prev2Team_NE,0
1,prev2Team_NO,0.03353372085487773
1,prev2Team_NYG,0
1,prev2Team_NYJ,0
1,prev2Team_PHI,0
1,prev2Team_PIT,0
1,prev2Team_SEA,0
1,prev2Team_SF,0
1,prev2Team_TB,-0.002294215424826314
1,prev2Team_TEN,0
1,prev2Team_WAS,0
1,prev2Team_unknown,0
1,priorTeamSame_yes,-0.15623045969305005
1,priorTeamSame_unknown,0
1,regPrev1Available_yes,0
1,regPrev2Available_yes,0
1,snapPrev1Available_yes,0
1,snapPrev2Available_yes,0
1,ngsPrev1Available_yes,-0.04527543984744571
1,ngsPrev2Available_yes,0
1,teamPrev1Available_yes,0
1,teamPrev2Available_yes,0.0960001930091099
2,(Intercept),0.9431633303980642
2,startYear,0
2,ageAtSigning,0
2,height,0
2,weight,0
2,combineForty,0
2,combineBench,0
2,combineVertical,0
2,combineBroadJump,0.001633551103783733
2,combineCone,0
2,combineShuttle,0
2,draftYear,0
2,draftRound,0
2,draftPick,0.06633880740196513
2,rookieSeason,0
2,yearsExpAtSigning,0
2,playerRefAgeGap,0
2,playerRefRookieGap,0
2,observedContractNumber,0.002584080202376686
2,prevContractStartYear,0
2,prevContractEndYear,0
2,prevContractTerm,0
2,prevContractAav,0
2,prevContractAavPerc,0
2,gapSincePrevContractEnd,-0.17665720321176465
2,prev1Season,0
2,prev2Season,0
2,regPrev1Games,0
2,regPrev1Targets,0
2,regPrev1Receptions,0
2,regPrev1ReceivingYards,0
2,regPrev1ReceivingTds,0
2,regPrev1ReceivingFirstDowns,0
2,regPrev1ReceivingEpa,0
2,regPrev1ReceivingAirYards,0
2,regPrev1ReceivingYardsAfterCatch,0
2,regPrev1Carries,0
2,regPrev1RushingYards,0
2,regPrev1RushingTds,0
2,regPrev1TargetShare,0
2,regPrev1AirYardsShare,0
2,regPrev1Wopr,0
2,regPrev1TargetsPerGame,0
2,regPrev1ReceptionsPerGame,-0.11166350034020678
2,regPrev1ReceivingYardsPerGame,-0.1216772090504955
2,regPrev1ReceivingTdsPerGame,0
2,regPrev1ReceivingFirstDownsPerGame,-0.03584655028900222
2,regPrev1ReceivingEpaPerGame,0
2,regPrev1CatchRate,0
2,regPrev1YardsPerTarget,0
2,regPrev1YardsPerReception,0
2,regPrev1TdPerTarget,0
2,regPrev1AirYardsPerTarget,0
2,regPrev1YacPerReception,0
2,regPrev1RushYardsPerCarry,0
2,regPrev1TeamTargetShareCalc,0
2,regPrev1TeamYardsShareCalc,0
2,regPrev1TeamTdShareCalc,0
2,regPrev1TeamAirYardsShareCalc,0
2,regPrev2Games,0
2,regPrev2Targets,0
2,regPrev2Receptions,0
2,regPrev2ReceivingYards,0
2,regPrev2ReceivingTds,0
2,regPrev2ReceivingFirstDowns,0
2,regPrev2ReceivingEpa,0
2,regPrev2ReceivingAirYards,0
2,regPrev2ReceivingYardsAfterCatch,0
2,regPrev2Carries,0
2,regPrev2RushingYards,0
2,regPrev2RushingTds,-0.005916915565735667
2,regPrev2TargetShare,0
2,regPrev2AirYardsShare,0
2,regPrev2Wopr,0
2,regPrev2TargetsPerGame,0
2,regPrev2ReceptionsPerGame,0
2,regPrev2ReceivingYardsPerGame,0
2,regPrev2ReceivingTdsPerGame,0
2,regPrev2ReceivingFirstDownsPerGame,0
2,regPrev2ReceivingEpaPerGame,0
2,regPrev2CatchRate,0
2,regPrev2YardsPerTarget,-2.1604322923364944e-4
2,regPrev2YardsPerReception,0
2,regPrev2TdPerTarget,-0.036586205381470435
2,regPrev2AirYardsPerTarget,0
2,regPrev2YacPerReception,0
2,regPrev2RushYardsPerCarry,0
2,regPrev2TeamTargetShareCalc,0
2,regPrev2TeamYardsShareCalc,0
2,regPrev2TeamTdShareCalc,0
2,regPrev2TeamAirYardsShareCalc,0
2,regYearsAvailable,0
2,regWeightedGames,-0.1615855064940058
2,regDeltaGames,0
2,regWeightedTargets,0
2,regDeltaTargets,0
2,regWeightedReceptions,0
2,regDeltaReceptions,0
2,regWeightedReceivingYards,-0.07900667687634985
2,regDeltaReceivingYards,0
2,regWeightedReceivingTds,0
2,regDeltaReceivingTds,0
2,regWeightedReceivingFirstDowns,0
2,regDeltaReceivingFirstDowns,0
2,regWeightedReceivingEpa,0
2,regDeltaReceivingEpa,0
2,regWeightedReceivingAirYards,0
2,regDeltaReceivingAirYards,0
2,regWeightedReceivingYardsAfterCatch,-0.0374273968122747
2,regDeltaReceivingYardsAfterCatch,0
2,regWeightedCarries,0
2,regDeltaCarries,0
2,regWeightedRushingYards,-0.0022489096812350604
2,regDeltaRushingYards,0
2,regWeightedRushingTds,-0.008025701560298325
2,regDeltaRushingTds,0
2,regWeightedTargetShare,0
2,regDeltaTargetShare,0
2,regWeightedAirYardsShare,0
2,regDeltaAirYardsShare,0
2,regWeightedWopr,0
2,regDeltaWopr,0
2,regWeightedTargetsPerGame,0
2,regDeltaTargetsPerGame,0
2,regWeightedReceptionsPerGame,0
2,regDeltaReceptionsPerGame,0
2,regWeightedReceivingYardsPerGame,0
2,regDeltaReceivingYardsPerGame,0
2,regWeightedReceivingTdsPerGame,0
2,regDeltaReceivingTdsPerGame,0
2,regWeightedReceivingFirstDownsPerGame,0
2,regDeltaReceivingFirstDownsPerGame,0
2,regWeightedReceivingEpaPerGame,-0.10351204846808784
2,regDeltaReceivingEpaPerGame,0
2,regWeightedCatchRate,0
2,regDeltaCatchRate,0
2,regWeightedYardsPerTarget,0
2,regDeltaYardsPerTarget,0
2,regWeightedYardsPerReception,0
2,regDeltaYardsPerReception,0
2,regWeightedTdPerTarget,0
2,regDeltaTdPerTarget,0
2,regWeightedAirYardsPerTarget,0
2,regDeltaAirYardsPerTarget,0
2,regWeightedYacPerReception,0
2,regDeltaYacPerReception,0
2,regWeightedRushYardsPerCarry,-0.013571905492634092
2,regDeltaRushYardsPerCarry,0
2,regWeightedTeamTargetShareCalc,0
2,regDeltaTeamTargetShareCalc,0
2,regWeightedTeamYardsShareCalc,0
2,regDeltaTeamYardsShareCalc,0
2,regWeightedTeamTdShareCalc,0
2,regDeltaTeamTdShareCalc,0
2,regWeightedTeamAirYardsShareCalc,0
2,regDeltaTeamAirYardsShareCalc,0
2,snapPrev1SnapGames,0
2,snapPrev1OffenseSnaps,0
2,snapPrev1OffenseSnapsPerGame,0
2,snapPrev1OffensePctMean,0
2,snapPrev1OffensePctMax,0
2,snapPrev1StSnaps,0
2,snapPrev1StSnapsPerGame,0.017535336437864858
2,snapPrev1StPctMean,0
2,snapPrev1OffenseSnapShare,0
2,snapPrev2SnapGames,0
2,snapPrev2OffenseSnaps,0
2,snapPrev2OffenseSnapsPerGame,0
2,snapPrev2OffensePctMean,0
2,snapPrev2OffensePctMax,-0.041145062800585636
2,snapPrev2StSnaps,0
2,snapPrev2StSnapsPerGame,0
2,snapPrev2StPctMean,0
2,snapPrev2OffenseSnapShare,0
2,snapYearsAvailable,0
2,snapWeightedSnapGames,0
2,snapDeltaSnapGames,0
2,snapWeightedOffenseSnaps,0
2,snapDeltaOffenseSnaps,0.004131960419170009
2,snapWeightedOffenseSnapsPerGame,0
2,snapDeltaOffenseSnapsPerGame,0
2,snapWeightedOffensePctMean,0
2,snapDeltaOffensePctMean,0
2,snapWeightedOffensePctMax,-0.037599284465386795
2,snapDeltaOffensePctMax,0
2,snapWeightedStSnaps,0
2,snapDeltaStSnaps,0
2,snapWeightedStSnapsPerGame,0
2,snapDeltaStSnapsPerGame,0
2,snapWeightedStPctMean,0
2,snapDeltaStPctMean,0
2,snapWeightedOffenseSnapShare,0
2,snapDeltaOffenseSnapShare,0
2,ngsPrev1Targets,0
2,ngsPrev1Receptions,0
2,ngsPrev1Yards,0
2,ngsPrev1RecTouchdowns,0
2,ngsPrev1CatchPercentage,0
2,ngsPrev1AvgCushion,0
2,ngsPrev1AvgSeparation,0
2,ngsPrev1AvgIntendedAirYards,0
2,ngsPrev1PercentShareOfIntendedAirYards,0
2,ngsPrev1AvgYac,0
2,ngsPrev1AvgExpectedYac,0
2,ngsPrev1AvgYacAboveExpectation,0
2,ngsPrev1YardsPerTarget,0
2,ngsPrev1YardsPerReception,0
2,ngsPrev1TdPerTarget,0
2,ngsPrev2Targets,0
2,ngsPrev2Receptions,0
2,ngsPrev2Yards,0
2,ngsPrev2RecTouchdowns,0
2,ngsPrev2CatchPercentage,0
2,ngsPrev2AvgCushion,0
2,ngsPrev2AvgSeparation,0
2,ngsPrev2AvgIntendedAirYards,0
2,ngsPrev2PercentShareOfIntendedAirYards,0
2,ngsPrev2AvgYac,0
2,ngsPrev2AvgExpectedYac,0
2,ngsPrev2AvgYacAboveExpectation,0
2,ngsPrev2YardsPerTarget,0
2,ngsPrev2YardsPerReception,0
2,ngsPrev2TdPerTarget,0
2,ngsYearsAvailable,0
2,ngsWeightedTargets,0
2,ngsDeltaTargets,0
2,ngsWeightedReceptions,0
2,ngsDeltaReceptions,0
2,ngsWeightedYards,0
2,ngsDeltaYards,0
2,ngsWeightedRecTouchdowns,0
2,ngsDeltaRecTouchdowns,0
2,ngsWeightedCatchPercentage,0
2,ngsDeltaCatchPercentage,0
2,ngsWeightedAvgCushion,0
2,ngsDeltaAvgCushion,0
2,ngsWeightedAvgSeparation,0
2,ngsDeltaAvgSeparation,0
2,ngsWeightedAvgIntendedAirYards,0
2,ngsDeltaAvgIntendedAirYards,0
2,ngsWeightedPercentShareOfIntendedAirYards,0
2,ngsDeltaPercentShareOfIntendedAirYards,0
2,ngsWeightedAvgYac,0
2,ngsDeltaAvgYac,0
2,ngsWeightedAvgExpectedYac,0
2,ngsDeltaAvgExpectedYac,0
2,ngsWeightedAvgYacAboveExpectation,0
2,ngsDeltaAvgYacAboveExpectation,0
2,ngsWeightedYardsPerTarget,0
2,ngsDeltaYardsPerTarget,0
2,ngsWeightedYardsPerReception,0
2,ngsDeltaYardsPerReception,0
2,ngsWeightedTdPerTarget,0
2,ngsDeltaTdPerTarget,0
2,teamPrev1Games,0.10610365130197405
2,teamPrev1Wins,0
2,teamPrev1Losses,0
2,teamPrev1Ties,0
2,teamPrev1WinPct,0
2,teamPrev1Attempts,0
2,teamPrev1PassingYards,0
2,teamPrev1PassingTds,0
2,teamPrev1PassingEpa,0
2,teamPrev1PassingCpoe,0
2,teamPrev1Carries,0
2,teamPrev1RushingYards,0
2,teamPrev1RushingEpa,0
2,teamPrev1PointsAgainst,0
2,teamPrev1Targets,0
2,teamPrev1ReceivingYards,0
2,teamPrev1ReceivingTds,0
2,teamPrev1ReceivingAirYards,0
2,teamPrev1PassRate,0
2,teamPrev1TeamPlays,0
2,teamPrev1PassingYardsPerAttempt,0
2,teamPrev1PassingYardsPerGame,0
2,teamPrev1PassingTdsPerGame,0
2,teamPrev1PassingEpaPerGame,0
2,teamPrev1ReceivingYardsPerTarget,0
2,teamPrev1PassRateDiffLeague,0
2,teamPrev1PassingYardsPerGameDiffLeague,0
2,teamPrev1PassingEpaPerGameDiffLeague,0
2,teamPrev2Games,0
2,teamPrev2Wins,0
2,teamPrev2Losses,0
2,teamPrev2Ties,0
2,teamPrev2WinPct,0
2,teamPrev2Attempts,0
2,teamPrev2PassingYards,0
2,teamPrev2PassingTds,0
2,teamPrev2PassingEpa,0
2,teamPrev2PassingCpoe,0
2,teamPrev2Carries,0
2,teamPrev2RushingYards,0
2,teamPrev2RushingEpa,0
2,teamPrev2PointsAgainst,0
2,teamPrev2Targets,0
2,teamPrev2ReceivingYards,0
2,teamPrev2ReceivingTds,0
2,teamPrev2ReceivingAirYards,0
2,teamPrev2PassRate,0
2,teamPrev2TeamPlays,0
2,teamPrev2PassingYardsPerAttempt,0
2,teamPrev2PassingYardsPerGame,0
2,teamPrev2PassingTdsPerGame,0
2,teamPrev2PassingEpaPerGame,0
2,teamPrev2ReceivingYardsPerTarget,0
2,teamPrev2PassRateDiffLeague,0
2,teamPrev2PassingYardsPerGameDiffLeague,0
2,teamPrev2PassingEpaPerGameDiffLeague,0
2,teamYearsAvailable,0
2,teamWeightedGames,0
2,teamDeltaGames,0
2,teamWeightedWins,0
2,teamDeltaWins,0
2,teamWeightedLosses,0
2,teamDeltaLosses,0
2,teamWeightedTies,0
2,teamDeltaTies,0
2,teamWeightedWinPct,0
2,teamDeltaWinPct,0
2,teamWeightedAttempts,0
2,teamDeltaAttempts,0
2,teamWeightedPassingYards,0
2,teamDeltaPassingYards,0
2,teamWeightedPassingTds,0
2,teamDeltaPassingTds,0
2,teamWeightedPassingEpa,0
2,teamDeltaPassingEpa,0
2,teamWeightedPassingCpoe,0
2,teamDeltaPassingCpoe,0
2,teamWeightedCarries,0
2,teamDeltaCarries,-0.11333986528056249
2,teamWeightedRushingYards,0
2,teamDeltaRushingYards,0
2,teamWeightedRushingEpa,0
2,teamDeltaRushingEpa,0
2,teamWeightedPointsAgainst,0
2,teamDeltaPointsAgainst,0
2,teamWeightedTargets,0
2,teamDeltaTargets,0
2,teamWeightedReceivingYards,0
2,teamDeltaReceivingYards,0
2,teamWeightedReceivingTds,0
2,teamDeltaReceivingTds,0
2,teamWeightedReceivingAirYards,0
2,teamDeltaReceivingAirYards,-0.00794993668763662
2,teamWeightedPassRate,0
2,teamDeltaPassRate,0
2,teamWeightedTeamPlays,0
2,teamDeltaTeamPlays,0
2,teamWeightedPassingYardsPerAttempt,0
2,teamDeltaPassingYardsPerAttempt,0
2,teamWeightedPassingYardsPerGame,-0.02107810750705809
2,teamDeltaPassingYardsPerGame,0
2,teamWeightedPassingTdsPerGame,0
2,teamDeltaPassingTdsPerGame,0
2,teamWeightedPassingEpaPerGame,0
2,teamDeltaPassingEpaPerGame,0
2,teamWeightedReceivingYardsPerTarget,0
2,teamDeltaReceivingYardsPerTarget,0
2,teamWeightedPassRateDiffLeague,0
2,teamDeltaPassRateDiffLeague,0
2,teamWeightedPassingYardsPerGameDiffLeague,0
2,teamDeltaPassingYardsPerGameDiffLeague,0
2,teamWeightedPassingEpaPerGameDiffLeague,0
2,teamDeltaPassingEpaPerGameDiffLeague,0
2,marketPrev1ContractCount,0.03852184310037807
2,marketPrev1MedianTerm,0
2,marketPrev1MedianAav,0
2,marketPrev1MedianAavPerc,0
2,marketPrev1P75AavPerc,0
2,marketPrev1MedianAgeAtSigning,0
2,marketPrev2ContractCount,0
2,marketPrev2MedianTerm,0
2,marketPrev2MedianAav,-0.0940844784019133
2,marketPrev2MedianAavPerc,0
2,marketPrev2P75AavPerc,0
2,marketPrev2MedianAgeAtSigning,0
2,marketWeightedContractCount,0
2,marketDeltaContractCount,0
2,marketWeightedMedianTerm,0
2,marketDeltaMedianTerm,0
2,marketWeightedMedianAav,-0.05777755893621401
2,marketDeltaMedianAav,0
2,marketWeightedMedianAavPerc,0
2,marketDeltaMedianAavPerc,0
2,marketWeightedP75AavPerc,0
2,marketDeltaP75AavPerc,0
2,marketWeightedMedianAgeAtSigning,-0.07399382220448668
2,marketDeltaMedianAgeAtSigning,0
2,combineAvailable_yes,0
2,combineAvailable_unknown,0
2,undraftedFlag_yes,0.13672477927259535
2,playerRefMatched_yes,0
2,prevSignedTeam_ATL,0
2,prevSignedTeam_BAL,0
2,prevSignedTeam_BUF,0
2,prevSignedTeam_CAR,0
2,prevSignedTeam_CHI,0
2,prevSignedTeam_CIN,0
2,prevSignedTeam_CLE,0
2,prevSignedTeam_DAL,-0.0803321754080008
2,prevSignedTeam_DEN,0
2,prevSignedTeam_DET,0
2,prevSignedTeam_GB,0
2,prevSignedTeam_HOU,0
2,prevSignedTeam_IND,0
2,prevSignedTeam_JAX,0
2,prevSignedTeam_KC,0
2,prevSignedTeam_LA,0
2,prevSignedTeam_LAC,0
2,prevSignedTeam_LV,0.003994347284311131
2,prevSignedTeam_MIA,0
2,prevSignedTeam_MIN,0
2,prevSignedTeam_NE,0
2,prevSignedTeam_NO,0.052882742553156406
2,prevSignedTeam_NYG,0
2,prevSignedTeam_NYJ,0
2,prevSignedTeam_PHI,0
2,prevSignedTeam_PIT,0
2,prevSignedTeam_SEA,-0.00954059698632062
2,prevSignedTeam_SF,0
2,prevSignedTeam_TB,0
2,prevSignedTeam_TEN,0.04383763666211185
2,prevSignedTeam_WAS,0
2,prevSignedTeam_unknown,0
2,prev1Team_ATL,0
2,prev1Team_BAL,0.011938332609471212
2,prev1Team_BUF,0
2,prev1Team_CAR,0
2,prev1Team_CHI,0
2,prev1Team_CIN,0
2,prev1Team_CLE,0
2,prev1Team_DAL,0
2,prev1Team_DEN,0
2,prev1Team_DET,0.016656360805143492
2,prev1Team_GB,-0.006605357943099212
2,prev1Team_HOU,0
2,prev1Team_IND,0
2,prev1Team_JAX,0
2,prev1Team_KC,0
2,prev1Team_LA,0
2,prev1Team_LAC,-0.026961290137419484
2,prev1Team_LV,0
2,prev1Team_MIA,-0.005014133563372803
2,prev1Team_MIN,0
2,prev1Team_NE,0.022243610645401743
2,prev1Team_NO,0
2,prev1Team_NYG,0
2,prev1Team_NYJ,0
2,prev1Team_PHI,0
2,prev1Team_PIT,0
2,prev1Team_SEA,0
2,prev1Team_SF,0
2,prev1Team_TB,0
2,prev1Team_TEN,0
2,prev1Team_WAS,0
2,prev1Team_unknown,0
2,prev2Team_ATL,0
2,prev2Team_BAL,0
2,prev2Team_BUF,-0.014978195617259448
2,prev2Team_CAR,0
2,prev2Team_CHI,0
2,prev2Team_CIN,0
2,prev2Team_CLE,0
2,prev2Team_DAL,0
2,prev2Team_DEN,0
2,prev2Team_DET,0
2,prev2Team_GB,0
2,prev2Team_HOU,0.01877064716869005
2,prev2Team_IND,0
2,prev2Team_JAX,0
2,prev2Team_KC,0
2,prev2Team_LA,0
2,prev2Team_LAC,0
2,prev2Team_LV,0
2,prev2Team_MIA,0
2,prev2Team_MIN,0
2,prev2Team_NE,0
2,prev2Team_NO,0
2,prev2Team_NYG,0
2,prev2Team_NYJ,0
2,prev2Team_PHI,0
2,prev2Team_PIT,0
2,prev2Team_SEA,0
2,prev2Team_SF,0
2,prev2Team_TB,0
2,prev2Team_TEN,0
2,prev2Team_WAS,0
2,prev2Team_unknown,0
2,priorTeamSame_yes,0
2,priorTeamSame_unknown,0.2534345584376783
2,regPrev1Available_yes,0
2,regPrev2Available_yes,-3.321270533168478e-4
2,snapPrev1Available_yes,0
2,snapPrev2Available_yes,0
2,ngsPrev1Available_yes,0
2,ngsPrev2Available_yes,0
2,teamPrev1Available_yes,0
2,teamPrev2Available_yes,0
3,(Intercept),0.10005912868992392
3,startYear,0
3,ageAtSigning,0
3,height,0
3,weight,0
3,combineForty,0
3,combineBench,0
3,combineVertical,0
3,combineBroadJump,0
3,combineCone,0
3,combineShuttle,0
3,draftYear,0
3,draftRound,0
3,draftPick,0
3,rookieSeason,0
3,yearsExpAtSigning,0.0018567586418535308
3,playerRefAgeGap,0.3715241041851052
3,playerRefRookieGap,0
3,observedContractNumber,0
3,prevContractStartYear,0
3,prevContractEndYear,0
3,prevContractTerm,0
3,prevContractAav,0.036553768529880896
3,prevContractAavPerc,0
3,gapSincePrevContractEnd,0
3,prev1Season,0
3,prev2Season,0
3,regPrev1Games,0
3,regPrev1Targets,0
3,regPrev1Receptions,0
3,regPrev1ReceivingYards,0
3,regPrev1ReceivingTds,0
3,regPrev1ReceivingFirstDowns,0
3,regPrev1ReceivingEpa,0
3,regPrev1ReceivingAirYards,0
3,regPrev1ReceivingYardsAfterCatch,0
3,regPrev1Carries,0
3,regPrev1RushingYards,0
3,regPrev1RushingTds,0
3,regPrev1TargetShare,0
3,regPrev1AirYardsShare,0
3,regPrev1Wopr,0
3,regPrev1TargetsPerGame,0
3,regPrev1ReceptionsPerGame,0
3,regPrev1ReceivingYardsPerGame,0
3,regPrev1ReceivingTdsPerGame,0
3,regPrev1ReceivingFirstDownsPerGame,0
3,regPrev1ReceivingEpaPerGame,0
3,regPrev1CatchRate,0
3,regPrev1YardsPerTarget,0
3,regPrev1YardsPerReception,0
3,regPrev1TdPerTarget,0
3,regPrev1AirYardsPerTarget,0
3,regPrev1YacPerReception,0
3,regPrev1RushYardsPerCarry,0
3,regPrev1TeamTargetShareCalc,0
3,regPrev1TeamYardsShareCalc,0
3,regPrev1TeamTdShareCalc,0
3,regPrev1TeamAirYardsShareCalc,0
3,regPrev2Games,0
3,regPrev2Targets,0
3,regPrev2Receptions,0
3,regPrev2ReceivingYards,0
3,regPrev2ReceivingTds,0
3,regPrev2ReceivingFirstDowns,0
3,regPrev2ReceivingEpa,0
3,regPrev2ReceivingAirYards,0
3,regPrev2ReceivingYardsAfterCatch,0
3,regPrev2Carries,0
3,regPrev2RushingYards,0
3,regPrev2RushingTds,0
3,regPrev2TargetShare,0
3,regPrev2AirYardsShare,0
3,regPrev2Wopr,0
3,regPrev2TargetsPerGame,0
3,regPrev2ReceptionsPerGame,0
3,regPrev2ReceivingYardsPerGame,0
3,regPrev2ReceivingTdsPerGame,0
3,regPrev2ReceivingFirstDownsPerGame,0
3,regPrev2ReceivingEpaPerGame,0
3,regPrev2CatchRate,0
3,regPrev2YardsPerTarget,0
3,regPrev2YardsPerReception,0
3,regPrev2TdPerTarget,0
3,regPrev2AirYardsPerTarget,0
3,regPrev2YacPerReception,0
3,regPrev2RushYardsPerCarry,0
3,regPrev2TeamTargetShareCalc,0
3,regPrev2TeamYardsShareCalc,0
3,regPrev2TeamTdShareCalc,0
3,regPrev2TeamAirYardsShareCalc,0
3,regYearsAvailable,0
3,regWeightedGames,0
3,regDeltaGames,0
3,regWeightedTargets,0
3,regDeltaTargets,0
3,regWeightedReceptions,0
3,regDeltaReceptions,0
3,regWeightedReceivingYards,0
3,regDeltaReceivingYards,0
3,regWeightedReceivingTds,0
3,regDeltaReceivingTds,0
3,regWeightedReceivingFirstDowns,0
3,regDeltaReceivingFirstDowns,0
3,regWeightedReceivingEpa,0
3,regDeltaReceivingEpa,0
3,regWeightedReceivingAirYards,0
3,regDeltaReceivingAirYards,0
3,regWeightedReceivingYardsAfterCatch,0
3,regDeltaReceivingYardsAfterCatch,0
3,regWeightedCarries,0
3,regDeltaCarries,0
3,regWeightedRushingYards,0
3,regDeltaRushingYards,0
3,regWeightedRushingTds,0
3,regDeltaRushingTds,0
3,regWeightedTargetShare,0
3,regDeltaTargetShare,0
3,regWeightedAirYardsShare,0
3,regDeltaAirYardsShare,0
3,regWeightedWopr,0
3,regDeltaWopr,0
3,regWeightedTargetsPerGame,0
3,regDeltaTargetsPerGame,0
3,regWeightedReceptionsPerGame,0
3,regDeltaReceptionsPerGame,0
3,regWeightedReceivingYardsPerGame,0
3,regDeltaReceivingYardsPerGame,0
3,regWeightedReceivingTdsPerGame,0
3,regDeltaReceivingTdsPerGame,0
3,regWeightedReceivingFirstDownsPerGame,0
3,regDeltaReceivingFirstDownsPerGame,0
3,regWeightedReceivingEpaPerGame,0
3,regDeltaReceivingEpaPerGame,0
3,regWeightedCatchRate,0
3,regDeltaCatchRate,0
3,regWeightedYardsPerTarget,0
3,regDeltaYardsPerTarget,0
3,regWeightedYardsPerReception,0
3,regDeltaYardsPerReception,0
3,regWeightedTdPerTarget,0
3,regDeltaTdPerTarget,0
3,regWeightedAirYardsPerTarget,0
3,regDeltaAirYardsPerTarget,0
3,regWeightedYacPerReception,0
3,regDeltaYacPerReception,0
3,regWeightedRushYardsPerCarry,0
3,regDeltaRushYardsPerCarry,0
3,regWeightedTeamTargetShareCalc,0
3,regDeltaTeamTargetShareCalc,0
3,regWeightedTeamYardsShareCalc,0
3,regDeltaTeamYardsShareCalc,0
3,regWeightedTeamTdShareCalc,0
3,regDeltaTeamTdShareCalc,0
3,regWeightedTeamAirYardsShareCalc,0
3,regDeltaTeamAirYardsShareCalc,0
3,snapPrev1SnapGames,0
3,snapPrev1OffenseSnaps,0
3,snapPrev1OffenseSnapsPerGame,0
3,snapPrev1OffensePctMean,0
3,snapPrev1OffensePctMax,0
3,snapPrev1StSnaps,0
3,snapPrev1StSnapsPerGame,0
3,snapPrev1StPctMean,0
3,snapPrev1OffenseSnapShare,0
3,snapPrev2SnapGames,0
3,snapPrev2OffenseSnaps,0
3,snapPrev2OffenseSnapsPerGame,0
3,snapPrev2OffensePctMean,0
3,snapPrev2OffensePctMax,0
3,snapPrev2StSnaps,0
3,snapPrev2StSnapsPerGame,0
3,snapPrev2StPctMean,0
3,snapPrev2OffenseSnapShare,0
3,snapYearsAvailable,0
3,snapWeightedSnapGames,0
3,snapDeltaSnapGames,0
3,snapWeightedOffenseSnaps,0
3,snapDeltaOffenseSnaps,0
3,snapWeightedOffenseSnapsPerGame,0
3,snapDeltaOffenseSnapsPerGame,0
3,snapWeightedOffensePctMean,0
3,snapDeltaOffensePctMean,0
3,snapWeightedOffensePctMax,0
3,snapDeltaOffensePctMax,0
3,snapWeightedStSnaps,0
3,snapDeltaStSnaps,0
3,snapWeightedStSnapsPerGame,0
3,snapDeltaStSnapsPerGame,0
3,snapWeightedStPctMean,0
3,snapDeltaStPctMean,0
3,snapWeightedOffenseSnapShare,0
3,snapDeltaOffenseSnapShare,0
3,ngsPrev1Targets,0
3,ngsPrev1Receptions,0
3,ngsPrev1Yards,0
3,ngsPrev1RecTouchdowns,0
3,ngsPrev1CatchPercentage,0
3,ngsPrev1AvgCushion,0.0947680856142109
3,ngsPrev1AvgSeparation,0
3,ngsPrev1AvgIntendedAirYards,0
3,ngsPrev1PercentShareOfIntendedAirYards,0
3,ngsPrev1AvgYac,0.005635859248406407
3,ngsPrev1AvgExpectedYac,0
3,ngsPrev1AvgYacAboveExpectation,0.11007845745262673
3,ngsPrev1YardsPerTarget,0
3,ngsPrev1YardsPerReception,0.024505518061689803
3,ngsPrev1TdPerTarget,0
3,ngsPrev2Targets,0
3,ngsPrev2Receptions,0
3,ngsPrev2Yards,0
3,ngsPrev2RecTouchdowns,0
3,ngsPrev2CatchPercentage,0
3,ngsPrev2AvgCushion,0
3,ngsPrev2AvgSeparation,0
3,ngsPrev2AvgIntendedAirYards,0
3,ngsPrev2PercentShareOfIntendedAirYards,0
3,ngsPrev2AvgYac,0
3,ngsPrev2AvgExpectedYac,0
3,ngsPrev2AvgYacAboveExpectation,0
3,ngsPrev2YardsPerTarget,0
3,ngsPrev2YardsPerReception,0
3,ngsPrev2TdPerTarget,0
3,ngsYearsAvailable,0
3,ngsWeightedTargets,0
3,ngsDeltaTargets,0
3,ngsWeightedReceptions,0
3,ngsDeltaReceptions,0
3,ngsWeightedYards,0
3,ngsDeltaYards,0
3,ngsWeightedRecTouchdowns,0
3,ngsDeltaRecTouchdowns,0.0019020912333132254
3,ngsWeightedCatchPercentage,0
3,ngsDeltaCatchPercentage,0
3,ngsWeightedAvgCushion,0
3,ngsDeltaAvgCushion,0
3,ngsWeightedAvgSeparation,0
3,ngsDeltaAvgSeparation,0
3,ngsWeightedAvgIntendedAirYards,0
3,ngsDeltaAvgIntendedAirYards,0
3,ngsWeightedPercentShareOfIntendedAirYards,0
3,ngsDeltaPercentShareOfIntendedAirYards,0
3,ngsWeightedAvgYac,0
3,ngsDeltaAvgYac,0
3,ngsWeightedAvgExpectedYac,0
3,ngsDeltaAvgExpectedYac,0
3,ngsWeightedAvgYacAboveExpectation,0
3,ngsDeltaAvgYacAboveExpectation,0
3,ngsWeightedYardsPerTarget,0
3,ngsDeltaYardsPerTarget,0
3,ngsWeightedYardsPerReception,0
3,ngsDeltaYardsPerReception,0
3,ngsWeightedTdPerTarget,0
3,ngsDeltaTdPerTarget,0
3,teamPrev1Games,0
3,teamPrev1Wins,0
3,teamPrev1Losses,0
3,teamPrev1Ties,0
3,teamPrev1WinPct,0
3,teamPrev1Attempts,0
3,teamPrev1PassingYards,0
3,teamPrev1PassingTds,0
3,teamPrev1PassingEpa,0
3,teamPrev1PassingCpoe,0
3,teamPrev1Carries,0
3,teamPrev1RushingYards,0
3,teamPrev1RushingEpa,0
3,teamPrev1PointsAgainst,0
3,teamPrev1Targets,0
3,teamPrev1ReceivingYards,0
3,teamPrev1ReceivingTds,0
3,teamPrev1ReceivingAirYards,0
3,teamPrev1PassRate,0
3,teamPrev1TeamPlays,0
3,teamPrev1PassingYardsPerAttempt,0
3,teamPrev1PassingYardsPerGame,0
3,teamPrev1PassingTdsPerGame,0
3,teamPrev1PassingEpaPerGame,0
3,teamPrev1ReceivingYardsPerTarget,0
3,teamPrev1PassRateDiffLeague,0
3,teamPrev1PassingYardsPerGameDiffLeague,0
3,teamPrev1PassingEpaPerGameDiffLeague,0
3,teamPrev2Games,0
3,teamPrev2Wins,0
3,teamPrev2Losses,0
3,teamPrev2Ties,0
3,teamPrev2WinPct,0
3,teamPrev2Attempts,0
3,teamPrev2PassingYards,0
3,teamPrev2PassingTds,0
3,teamPrev2PassingEpa,0
3,teamPrev2PassingCpoe,0
3,teamPrev2Carries,0
3,teamPrev2RushingYards,0
3,teamPrev2RushingEpa,0
3,teamPrev2PointsAgainst,0
3,teamPrev2Targets,0
3,teamPrev2ReceivingYards,0
3,teamPrev2ReceivingTds,0
3,teamPrev2ReceivingAirYards,0.015103251903524925
3,teamPrev2PassRate,0
3,teamPrev2TeamPlays,0
3,teamPrev2PassingYardsPerAttempt,0
3,teamPrev2PassingYardsPerGame,0
3,teamPrev2PassingTdsPerGame,0
3,teamPrev2PassingEpaPerGame,0
3,teamPrev2ReceivingYardsPerTarget,0
3,teamPrev2PassRateDiffLeague,0
3,teamPrev2PassingYardsPerGameDiffLeague,0
3,teamPrev2PassingEpaPerGameDiffLeague,0
3,teamYearsAvailable,0
3,teamWeightedGames,0
3,teamDeltaGames,0
3,teamWeightedWins,0
3,teamDeltaWins,0
3,teamWeightedLosses,0
3,teamDeltaLosses,0
3,teamWeightedTies,0
3,teamDeltaTies,0
3,teamWeightedWinPct,0
3,teamDeltaWinPct,0
3,teamWeightedAttempts,0
3,teamDeltaAttempts,0
3,teamWeightedPassingYards,0
3,teamDeltaPassingYards,0
3,teamWeightedPassingTds,0
3,teamDeltaPassingTds,0
3,teamWeightedPassingEpa,0
3,teamDeltaPassingEpa,0
3,teamWeightedPassingCpoe,0
3,teamDeltaPassingCpoe,0
3,teamWeightedCarries,0
3,teamDeltaCarries,0
3,teamWeightedRushingYards,0
3,teamDeltaRushingYards,0
3,teamWeightedRushingEpa,0
3,teamDeltaRushingEpa,0
3,teamWeightedPointsAgainst,0
3,teamDeltaPointsAgainst,0
3,teamWeightedTargets,0
3,teamDeltaTargets,0
3,teamWeightedReceivingYards,0
3,teamDeltaReceivingYards,0
3,teamWeightedReceivingTds,0
3,teamDeltaReceivingTds,0
3,teamWeightedReceivingAirYards,0.1609681001925314
3,teamDeltaReceivingAirYards,0
3,teamWeightedPassRate,0
3,teamDeltaPassRate,0
3,teamWeightedTeamPlays,0
3,teamDeltaTeamPlays,0
3,teamWeightedPassingYardsPerAttempt,0
3,teamDeltaPassingYardsPerAttempt,0
3,teamWeightedPassingYardsPerGame,0
3,teamDeltaPassingYardsPerGame,0
3,teamWeightedPassingTdsPerGame,0
3,teamDeltaPassingTdsPerGame,0
3,teamWeightedPassingEpaPerGame,0
3,teamDeltaPassingEpaPerGame,0
3,teamWeightedReceivingYardsPerTarget,0
3,teamDeltaReceivingYardsPerTarget,0
3,teamWeightedPassRateDiffLeague,0
3,teamDeltaPassRateDiffLeague,0
3,teamWeightedPassingYardsPerGameDiffLeague,0
3,teamDeltaPassingYardsPerGameDiffLeague,0
3,teamWeightedPassingEpaPerGameDiffLeague,0
3,teamDeltaPassingEpaPerGameDiffLeague,0
3,marketPrev1ContractCount,0
3,marketPrev1MedianTerm,0
3,marketPrev1MedianAav,0
3,marketPrev1MedianAavPerc,0
3,marketPrev1P75AavPerc,0
3,marketPrev1MedianAgeAtSigning,0
3,marketPrev2ContractCount,0
3,marketPrev2MedianTerm,0
3,marketPrev2MedianAav,0
3,marketPrev2MedianAavPerc,0
3,marketPrev2P75AavPerc,0
3,marketPrev2MedianAgeAtSigning,0
3,marketWeightedContractCount,0
3,marketDeltaContractCount,0
3,marketWeightedMedianTerm,0
3,marketDeltaMedianTerm,0
3,marketWeightedMedianAav,0
3,marketDeltaMedianAav,0
3,marketWeightedMedianAavPerc,0
3,marketDeltaMedianAavPerc,0
3,marketWeightedP75AavPerc,0
3,marketDeltaP75AavPerc,0
3,marketWeightedMedianAgeAtSigning,0
3,marketDeltaMedianAgeAtSigning,0
3,combineAvailable_yes,0
3,combineAvailable_unknown,0.26899134037943573
3,undraftedFlag_yes,0
3,playerRefMatched_yes,-2.0040704900512455e-14
3,prevSignedTeam_ATL,0
3,prevSignedTeam_BAL,0
3,prevSignedTeam_BUF,0
3,prevSignedTeam_CAR,0
3,prevSignedTeam_CHI,0
3,prevSignedTeam_CIN,-0.016744011407444585
3,prevSignedTeam_CLE,0
3,prevSignedTeam_DAL,0
3,prevSignedTeam_DEN,0
3,prevSignedTeam_DET,0
3,prevSignedTeam_GB,0
3,prevSignedTeam_HOU,0
3,prevSignedTeam_IND,0
3,prevSignedTeam_JAX,0
3,prevSignedTeam_KC,0
3,prevSignedTeam_LA,0
3,prevSignedTeam_LAC,0
3,prevSignedTeam_LV,0
3,prevSignedTeam_MIA,0
3,prevSignedTeam_MIN,0
3,prevSignedTeam_NE,0
3,prevSignedTeam_NO,0
3,prevSignedTeam_NYG,0
3,prevSignedTeam_NYJ,0
3,prevSignedTeam_PHI,0
3,prevSignedTeam_PIT,0
3,prevSignedTeam_SEA,0
3,prevSignedTeam_SF,0
3,prevSignedTeam_TB,0
3,prevSignedTeam_TEN,0
3,prevSignedTeam_WAS,0
3,prevSignedTeam_unknown,0.6623026889473822
3,prev1Team_ATL,0
3,prev1Team_BAL,0
3,prev1Team_BUF,0
3,prev1Team_CAR,0.01513297535919936
3,prev1Team_CHI,0
3,prev1Team_CIN,-0.030392788301632376
3,prev1Team_CLE,0
3,prev1Team_DAL,0
3,prev1Team_DEN,0
3,prev1Team_DET,0
3,prev1Team_GB,0
3,prev1Team_HOU,0
3,prev1Team_IND,0
3,prev1Team_JAX,0
3,prev1Team_KC,0
3,prev1Team_LA,0.02670670365132719
3,prev1Team_LAC,0
3,prev1Team_LV,0
3,prev1Team_MIA,0
3,prev1Team_MIN,0
3,prev1Team_NE,0
3,prev1Team_NO,-0.02014460223168279
3,prev1Team_NYG,0
3,prev1Team_NYJ,-0.026909166328197606
3,prev1Team_PHI,0
3,prev1Team_PIT,0
3,prev1Team_SEA,0
3,prev1Team_SF,0
3,prev1Team_TB,0
3,prev1Team_TEN,0
3,prev1Team_WAS,0
3,prev1Team_unknown,0
3,prev2Team_ATL,0
3,prev2Team_BAL,0
3,prev2Team_BUF,0.022662859423686316
3,prev2Team_CAR,0
3,prev2Team_CHI,0
3,prev2Team_CIN,0
3,prev2Team_CLE,0
3,prev2Team_DAL,0
3,prev2Team_DEN,0
3,prev2Team_DET,0
3,prev2Team_GB,0
3,prev2Team_HOU,0
3,prev2Team_IND,0
3,prev2Team_JAX,0
3,prev2Team_KC,0
3,prev2Team_LA,0
3,prev2Team_LAC,0
3,prev2Team_LV,0.0034169657027552816
3,prev2Team_MIA,0
3,prev2Team_MIN,0
3,prev2Team_NE,0
3,prev2Team_NO,0
3,prev2Team_NYG,0
3,prev2Team_NYJ,0
3,prev2Team_PHI,0
3,prev2Team_PIT,0
3,prev2Team_SEA,0
3,prev2Team_SF,0
3,prev2Team_TB,0
3,prev2Team_TEN,0
3,prev2Team_WAS,0
3,prev2Team_unknown,0
3,priorTeamSame_yes,0
3,priorTeamSame_unknown,0
3,regPrev1Available_yes,0
3,regPrev2Available_yes,0
3,snapPrev1Available_yes,0
3,snapPrev2Available_yes,0
3,ngsPrev1Available_yes,0.012768846971843481
3,ngsPrev2Available_yes,0
3,teamPrev1Available_yes,0
3,teamPrev2Available_yes,0
4,(Intercept),-1.3193489447931994
4,startYear,0
4,ageAtSigning,0
4,height,0
4,weight,0
4,combineForty,0
4,combineBench,0
4,combineVertical,0
4,combineBroadJump,0
4,combineCone,0
4,combineShuttle,0.0357230822666304
4,draftYear,0
4,draftRound,0
4,draftPick,0
4,rookieSeason,0
4,yearsExpAtSigning,0
4,playerRefAgeGap,0
4,playerRefRookieGap,0
4,observedContractNumber,0
4,prevContractStartYear,0
4,prevContractEndYear,0
4,prevContractTerm,0
4,prevContractAav,0
4,prevContractAavPerc,0
4,gapSincePrevContractEnd,0
4,prev1Season,0
4,prev2Season,0
4,regPrev1Games,0
4,regPrev1Targets,0
4,regPrev1Receptions,0
4,regPrev1ReceivingYards,0
4,regPrev1ReceivingTds,0
4,regPrev1ReceivingFirstDowns,0
4,regPrev1ReceivingEpa,0.16864472475614617
4,regPrev1ReceivingAirYards,0
4,regPrev1ReceivingYardsAfterCatch,0
4,regPrev1Carries,0
4,regPrev1RushingYards,0.06491223526943853
4,regPrev1RushingTds,0
4,regPrev1TargetShare,0
4,regPrev1AirYardsShare,0
4,regPrev1Wopr,0
4,regPrev1TargetsPerGame,0
4,regPrev1ReceptionsPerGame,0
4,regPrev1ReceivingYardsPerGame,0
4,regPrev1ReceivingTdsPerGame,0
4,regPrev1ReceivingFirstDownsPerGame,0
4,regPrev1ReceivingEpaPerGame,0
4,regPrev1CatchRate,0
4,regPrev1YardsPerTarget,0
4,regPrev1YardsPerReception,0
4,regPrev1TdPerTarget,0
4,regPrev1AirYardsPerTarget,0
4,regPrev1YacPerReception,0
4,regPrev1RushYardsPerCarry,0
4,regPrev1TeamTargetShareCalc,0
4,regPrev1TeamYardsShareCalc,0
4,regPrev1TeamTdShareCalc,0
4,regPrev1TeamAirYardsShareCalc,0
4,regPrev2Games,0
4,regPrev2Targets,0
4,regPrev2Receptions,0
4,regPrev2ReceivingYards,0
4,regPrev2ReceivingTds,0
4,regPrev2ReceivingFirstDowns,0
4,regPrev2ReceivingEpa,0
4,regPrev2ReceivingAirYards,0
4,regPrev2ReceivingYardsAfterCatch,0
4,regPrev2Carries,0
4,regPrev2RushingYards,0
4,regPrev2RushingTds,0
4,regPrev2TargetShare,0
4,regPrev2AirYardsShare,0
4,regPrev2Wopr,0
4,regPrev2TargetsPerGame,0
4,regPrev2ReceptionsPerGame,0
4,regPrev2ReceivingYardsPerGame,0
4,regPrev2ReceivingTdsPerGame,0
4,regPrev2ReceivingFirstDownsPerGame,0
4,regPrev2ReceivingEpaPerGame,0
4,regPrev2CatchRate,0
4,regPrev2YardsPerTarget,0
4,regPrev2YardsPerReception,0
4,regPrev2TdPerTarget,0
4,regPrev2AirYardsPerTarget,0
4,regPrev2YacPerReception,0
4,regPrev2RushYardsPerCarry,0
4,regPrev2TeamTargetShareCalc,0
4,regPrev2TeamYardsShareCalc,0
4,regPrev2TeamTdShareCalc,0
4,regPrev2TeamAirYardsShareCalc,0
4,regYearsAvailable,0
4,regWeightedGames,0
4,regDeltaGames,0
4,regWeightedTargets,0
4,regDeltaTargets,0
4,regWeightedReceptions,0
4,regDeltaReceptions,0
4,regWeightedReceivingYards,0
4,regDeltaReceivingYards,0
4,regWeightedReceivingTds,0
4,regDeltaReceivingTds,0
4,regWeightedReceivingFirstDowns,0
4,regDeltaReceivingFirstDowns,0
4,regWeightedReceivingEpa,0
4,regDeltaReceivingEpa,0
4,regWeightedReceivingAirYards,0
4,regDeltaReceivingAirYards,0
4,regWeightedReceivingYardsAfterCatch,0
4,regDeltaReceivingYardsAfterCatch,0
4,regWeightedCarries,0
4,regDeltaCarries,0
4,regWeightedRushingYards,0
4,regDeltaRushingYards,0
4,regWeightedRushingTds,0
4,regDeltaRushingTds,0
4,regWeightedTargetShare,0
4,regDeltaTargetShare,0
4,regWeightedAirYardsShare,0
4,regDeltaAirYardsShare,0
4,regWeightedWopr,0
4,regDeltaWopr,0
4,regWeightedTargetsPerGame,0
4,regDeltaTargetsPerGame,0
4,regWeightedReceptionsPerGame,0
4,regDeltaReceptionsPerGame,0
4,regWeightedReceivingYardsPerGame,0
4,regDeltaReceivingYardsPerGame,0
4,regWeightedReceivingTdsPerGame,0
4,regDeltaReceivingTdsPerGame,0
4,regWeightedReceivingFirstDownsPerGame,0
4,regDeltaReceivingFirstDownsPerGame,0
4,regWeightedReceivingEpaPerGame,0
4,regDeltaReceivingEpaPerGame,0
4,regWeightedCatchRate,0
4,regDeltaCatchRate,0
4,regWeightedYardsPerTarget,0
4,regDeltaYardsPerTarget,0
4,regWeightedYardsPerReception,0
4,regDeltaYardsPerReception,0
4,regWeightedTdPerTarget,0
4,regDeltaTdPerTarget,0
4,regWeightedAirYardsPerTarget,0
4,regDeltaAirYardsPerTarget,0
4,regWeightedYacPerReception,0
4,regDeltaYacPerReception,0
4,regWeightedRushYardsPerCarry,0
4,regDeltaRushYardsPerCarry,0
4,regWeightedTeamTargetShareCalc,0
4,regDeltaTeamTargetShareCalc,0
4,regWeightedTeamYardsShareCalc,0
4,regDeltaTeamYardsShareCalc,0
4,regWeightedTeamTdShareCalc,0
4,regDeltaTeamTdShareCalc,0
4,regWeightedTeamAirYardsShareCalc,0
4,regDeltaTeamAirYardsShareCalc,0
4,snapPrev1SnapGames,0
4,snapPrev1OffenseSnaps,0
4,snapPrev1OffenseSnapsPerGame,0
4,snapPrev1OffensePctMean,0
4,snapPrev1OffensePctMax,0
4,snapPrev1StSnaps,0
4,snapPrev1StSnapsPerGame,0
4,snapPrev1StPctMean,0
4,snapPrev1OffenseSnapShare,0
4,snapPrev2SnapGames,0
4,snapPrev2OffenseSnaps,0
4,snapPrev2OffenseSnapsPerGame,0
4,snapPrev2OffensePctMean,0
4,snapPrev2OffensePctMax,0
4,snapPrev2StSnaps,0
4,snapPrev2StSnapsPerGame,0
4,snapPrev2StPctMean,0
4,snapPrev2OffenseSnapShare,0
4,snapYearsAvailable,0
4,snapWeightedSnapGames,0
4,snapDeltaSnapGames,0
4,snapWeightedOffenseSnaps,0.10396528872069935
4,snapDeltaOffenseSnaps,0
4,snapWeightedOffenseSnapsPerGame,0
4,snapDeltaOffenseSnapsPerGame,0
4,snapWeightedOffensePctMean,0
4,snapDeltaOffensePctMean,0
4,snapWeightedOffensePctMax,0
4,snapDeltaOffensePctMax,0
4,snapWeightedStSnaps,0
4,snapDeltaStSnaps,0
4,snapWeightedStSnapsPerGame,0
4,snapDeltaStSnapsPerGame,0
4,snapWeightedStPctMean,0
4,snapDeltaStPctMean,0
4,snapWeightedOffenseSnapShare,0
4,snapDeltaOffenseSnapShare,0
4,ngsPrev1Targets,0
4,ngsPrev1Receptions,0
4,ngsPrev1Yards,0
4,ngsPrev1RecTouchdowns,0
4,ngsPrev1CatchPercentage,0
4,ngsPrev1AvgCushion,0
4,ngsPrev1AvgSeparation,0
4,ngsPrev1AvgIntendedAirYards,0
4,ngsPrev1PercentShareOfIntendedAirYards,0
4,ngsPrev1AvgYac,0
4,ngsPrev1AvgExpectedYac,0
4,ngsPrev1AvgYacAboveExpectation,0
4,ngsPrev1YardsPerTarget,0
4,ngsPrev1YardsPerReception,0
4,ngsPrev1TdPerTarget,0
4,ngsPrev2Targets,0
4,ngsPrev2Receptions,0
4,ngsPrev2Yards,0
4,ngsPrev2RecTouchdowns,0
4,ngsPrev2CatchPercentage,0
4,ngsPrev2AvgCushion,0
4,ngsPrev2AvgSeparation,0
4,ngsPrev2AvgIntendedAirYards,0
4,ngsPrev2PercentShareOfIntendedAirYards,0
4,ngsPrev2AvgYac,0
4,ngsPrev2AvgExpectedYac,0
4,ngsPrev2AvgYacAboveExpectation,0
4,ngsPrev2YardsPerTarget,0
4,ngsPrev2YardsPerReception,0
4,ngsPrev2TdPerTarget,0
4,ngsYearsAvailable,0
4,ngsWeightedTargets,0
4,ngsDeltaTargets,0
4,ngsWeightedReceptions,0
4,ngsDeltaReceptions,0
4,ngsWeightedYards,0.10186977756049084
4,ngsDeltaYards,0
4,ngsWeightedRecTouchdowns,0
4,ngsDeltaRecTouchdowns,0
4,ngsWeightedCatchPercentage,0
4,ngsDeltaCatchPercentage,0
4,ngsWeightedAvgCushion,0
4,ngsDeltaAvgCushion,0
4,ngsWeightedAvgSeparation,0
4,ngsDeltaAvgSeparation,0
4,ngsWeightedAvgIntendedAirYards,0
4,ngsDeltaAvgIntendedAirYards,0
4,ngsWeightedPercentShareOfIntendedAirYards,0
4,ngsDeltaPercentShareOfIntendedAirYards,0
4,ngsWeightedAvgYac,0
4,ngsDeltaAvgYac,0
4,ngsWeightedAvgExpectedYac,0
4,ngsDeltaAvgExpectedYac,0
4,ngsWeightedAvgYacAboveExpectation,0
4,ngsDeltaAvgYacAboveExpectation,0
4,ngsWeightedYardsPerTarget,0.0035507349905552488
4,ngsDeltaYardsPerTarget,0
4,ngsWeightedYardsPerReception,0
4,ngsDeltaYardsPerReception,0
4,ngsWeightedTdPerTarget,0
4,ngsDeltaTdPerTarget,0
4,teamPrev1Games,0
4,teamPrev1Wins,0
4,teamPrev1Losses,0
4,teamPrev1Ties,0
4,teamPrev1WinPct,0
4,teamPrev1Attempts,0
4,teamPrev1PassingYards,0
4,teamPrev1PassingTds,0
4,teamPrev1PassingEpa,0
4,teamPrev1PassingCpoe,0
4,teamPrev1Carries,0
4,teamPrev1RushingYards,0
4,teamPrev1RushingEpa,0
4,teamPrev1PointsAgainst,0
4,teamPrev1Targets,0
4,teamPrev1ReceivingYards,0
4,teamPrev1ReceivingTds,0
4,teamPrev1ReceivingAirYards,-0.07802437150945521
4,teamPrev1PassRate,0
4,teamPrev1TeamPlays,0
4,teamPrev1PassingYardsPerAttempt,0
4,teamPrev1PassingYardsPerGame,0
4,teamPrev1PassingTdsPerGame,0
4,teamPrev1PassingEpaPerGame,0
4,teamPrev1ReceivingYardsPerTarget,0
4,teamPrev1PassRateDiffLeague,0
4,teamPrev1PassingYardsPerGameDiffLeague,0
4,teamPrev1PassingEpaPerGameDiffLeague,0
4,teamPrev2Games,0
4,teamPrev2Wins,0
4,teamPrev2Losses,0
4,teamPrev2Ties,0
4,teamPrev2WinPct,0
4,teamPrev2Attempts,0
4,teamPrev2PassingYards,0
4,teamPrev2PassingTds,0
4,teamPrev2PassingEpa,0
4,teamPrev2PassingCpoe,0
4,teamPrev2Carries,0
4,teamPrev2RushingYards,0
4,teamPrev2RushingEpa,0
4,teamPrev2PointsAgainst,0
4,teamPrev2Targets,0
4,teamPrev2ReceivingYards,0
4,teamPrev2ReceivingTds,0
4,teamPrev2ReceivingAirYards,0
4,teamPrev2PassRate,0
4,teamPrev2TeamPlays,0
4,teamPrev2PassingYardsPerAttempt,0
4,teamPrev2PassingYardsPerGame,0
4,teamPrev2PassingTdsPerGame,0
4,teamPrev2PassingEpaPerGame,0
4,teamPrev2ReceivingYardsPerTarget,0
4,teamPrev2PassRateDiffLeague,0
4,teamPrev2PassingYardsPerGameDiffLeague,0
4,teamPrev2PassingEpaPerGameDiffLeague,0
4,teamYearsAvailable,0
4,teamWeightedGames,0
4,teamDeltaGames,0
4,teamWeightedWins,0
4,teamDeltaWins,0
4,teamWeightedLosses,0
4,teamDeltaLosses,0
4,teamWeightedTies,0
4,teamDeltaTies,0
4,teamWeightedWinPct,0
4,teamDeltaWinPct,0
4,teamWeightedAttempts,0
4,teamDeltaAttempts,0
4,teamWeightedPassingYards,0
4,teamDeltaPassingYards,0
4,teamWeightedPassingTds,0
4,teamDeltaPassingTds,0
4,teamWeightedPassingEpa,0
4,teamDeltaPassingEpa,0
4,teamWeightedPassingCpoe,0
4,teamDeltaPassingCpoe,0
4,teamWeightedCarries,0
4,teamDeltaCarries,0
4,teamWeightedRushingYards,0
4,teamDeltaRushingYards,0
4,teamWeightedRushingEpa,0
4,teamDeltaRushingEpa,0
4,teamWeightedPointsAgainst,0
4,teamDeltaPointsAgainst,0
4,teamWeightedTargets,0
4,teamDeltaTargets,0
4,teamWeightedReceivingYards,0
4,teamDeltaReceivingYards,0
4,teamWeightedReceivingTds,0
4,teamDeltaReceivingTds,0
4,teamWeightedReceivingAirYards,0
4,teamDeltaReceivingAirYards,0
4,teamWeightedPassRate,0
4,teamDeltaPassRate,0
4,teamWeightedTeamPlays,0
4,teamDeltaTeamPlays,0
4,teamWeightedPassingYardsPerAttempt,0
4,teamDeltaPassingYardsPerAttempt,0
4,teamWeightedPassingYardsPerGame,0
4,teamDeltaPassingYardsPerGame,0
4,teamWeightedPassingTdsPerGame,0
4,teamDeltaPassingTdsPerGame,0
4,teamWeightedPassingEpaPerGame,0
4,teamDeltaPassingEpaPerGame,0
4,teamWeightedReceivingYardsPerTarget,0.04276631677453785
4,teamDeltaReceivingYardsPerTarget,0
4,teamWeightedPassRateDiffLeague,0
4,teamDeltaPassRateDiffLeague,0
4,teamWeightedPassingYardsPerGameDiffLeague,0
4,teamDeltaPassingYardsPerGameDiffLeague,0
4,teamWeightedPassingEpaPerGameDiffLeague,0
4,teamDeltaPassingEpaPerGameDiffLeague,0
4,marketPrev1ContractCount,0
4,marketPrev1MedianTerm,0
4,marketPrev1MedianAav,0
4,marketPrev1MedianAavPerc,0
4,marketPrev1P75AavPerc,0
4,marketPrev1MedianAgeAtSigning,0
4,marketPrev2ContractCount,0
4,marketPrev2MedianTerm,0
4,marketPrev2MedianAav,0
4,marketPrev2MedianAavPerc,0
4,marketPrev2P75AavPerc,0
4,marketPrev2MedianAgeAtSigning,0
4,marketWeightedContractCount,0
4,marketDeltaContractCount,0
4,marketWeightedMedianTerm,0
4,marketDeltaMedianTerm,0
4,marketWeightedMedianAav,0
4,marketDeltaMedianAav,0
4,marketWeightedMedianAavPerc,0
4,marketDeltaMedianAavPerc,0
4,marketWeightedP75AavPerc,0
4,marketDeltaP75AavPerc,0
4,marketWeightedMedianAgeAtSigning,0
4,marketDeltaMedianAgeAtSigning,0
4,combineAvailable_yes,0
4,combineAvailable_unknown,0
4,undraftedFlag_yes,0
4,playerRefMatched_yes,0
4,prevSignedTeam_ATL,0
4,prevSignedTeam_BAL,0
4,prevSignedTeam_BUF,0
4,prevSignedTeam_CAR,0
4,prevSignedTeam_CHI,0
4,prevSignedTeam_CIN,0
4,prevSignedTeam_CLE,0
4,prevSignedTeam_DAL,0
4,prevSignedTeam_DEN,0
4,prevSignedTeam_DET,0
4,prevSignedTeam_GB,0
4,prevSignedTeam_HOU,0
4,prevSignedTeam_IND,0
4,prevSignedTeam_JAX,0
4,prevSignedTeam_KC,0
4,prevSignedTeam_LA,0
4,prevSignedTeam_LAC,0
4,prevSignedTeam_LV,0
4,prevSignedTeam_MIA,0
4,prevSignedTeam_MIN,0
4,prevSignedTeam_NE,0
4,prevSignedTeam_NO,0
4,prevSignedTeam_NYG,0
4,prevSignedTeam_NYJ,0
4,prevSignedTeam_PHI,0
4,prevSignedTeam_PIT,0
4,prevSignedTeam_SEA,0
4,prevSignedTeam_SF,0
4,prevSignedTeam_TB,0
4,prevSignedTeam_TEN,0
4,prevSignedTeam_WAS,0
4,prevSignedTeam_unknown,0
4,prev1Team_ATL,0
4,prev1Team_BAL,0
4,prev1Team_BUF,0
4,prev1Team_CAR,0
4,prev1Team_CHI,0
4,prev1Team_CIN,0
4,prev1Team_CLE,0
4,prev1Team_DAL,0
4,prev1Team_DEN,0
4,prev1Team_DET,0
4,prev1Team_GB,0
4,prev1Team_HOU,0
4,prev1Team_IND,0
4,prev1Team_JAX,0
4,prev1Team_KC,0
4,prev1Team_LA,0
4,prev1Team_LAC,0
4,prev1Team_LV,0
4,prev1Team_MIA,0
4,prev1Team_MIN,0
4,prev1Team_NE,0
4,prev1Team_NO,0
4,prev1Team_NYG,0
4,prev1Team_NYJ,0
4,prev1Team_PHI,0
4,prev1Team_PIT,0
4,prev1Team_SEA,0
4,prev1Team_SF,0
4,prev1Team_TB,0
4,prev1Team_TEN,0
4,prev1Team_WAS,0
4,prev1Team_unknown,0
4,prev2Team_ATL,0
4,prev2Team_BAL,0
4,prev2Team_BUF,0
4,prev2Team_CAR,0
4,prev2Team_CHI,0
4,prev2Team_CIN,0
4,prev2Team_CLE,0
4,prev2Team_DAL,0
4,prev2Team_DEN,0
4,prev2Team_DET,0
4,prev2Team_GB,0
4,prev2Team_HOU,0
4,prev2Team_IND,0
4,prev2Team_JAX,0
4,prev2Team_KC,0
4,prev2Team_LA,0
4,prev2Team_LAC,0
4,prev2Team_LV,0
4,prev2Team_MIA,0
4,prev2Team_MIN,0
4,prev2Team_NE,0
4,prev2Team_NO,0
4,prev2Team_NYG,0
4,prev2Team_NYJ,0
4,prev2Team_PHI,0
4,prev2Team_PIT,0
4,prev2Team_SEA,0
4,prev2Team_SF,0
4,prev2Team_TB,0
4,prev2Team_TEN,0
4,prev2Team_WAS,0
4,prev2Team_unknown,0
4,priorTeamSame_yes,0.18264467015037922
4,priorTeamSame_unknown,0
4,regPrev1Available_yes,0
4,regPrev2Available_yes,0
4,snapPrev1Available_yes,0
4,snapPrev2Available_yes,0
4,ngsPrev1Available_yes,0
4,ngsPrev2Available_yes,0
4,teamPrev1Available_yes,0
4,teamPrev2Available_yes,0
5,(Intercept),-1.982745957436181
5,startYear,-0.40334480508177695
5,ageAtSigning,0
5,height,0
5,weight,0
5,combineForty,0
5,combineBench,0
5,combineVertical,0
5,combineBroadJump,0
5,combineCone,0
5,combineShuttle,0
5,draftYear,0
5,draftRound,0
5,draftPick,0
5,rookieSeason,0
5,yearsExpAtSigning,0
5,playerRefAgeGap,0
5,playerRefRookieGap,0
5,observedContractNumber,0
5,prevContractStartYear,0
5,prevContractEndYear,0
5,prevContractTerm,0
5,prevContractAav,0
5,prevContractAavPerc,0
5,gapSincePrevContractEnd,0
5,prev1Season,0
5,prev2Season,0
5,regPrev1Games,0
5,regPrev1Targets,0
5,regPrev1Receptions,0
5,regPrev1ReceivingYards,0.02962130499569539
5,regPrev1ReceivingTds,0
5,regPrev1ReceivingFirstDowns,0
5,regPrev1ReceivingEpa,0
5,regPrev1ReceivingAirYards,0
5,regPrev1ReceivingYardsAfterCatch,0
5,regPrev1Carries,0
5,regPrev1RushingYards,0.005295357244967947
5,regPrev1RushingTds,0
5,regPrev1TargetShare,0
5,regPrev1AirYardsShare,0.01936501952497122
5,regPrev1Wopr,0
5,regPrev1TargetsPerGame,0
5,regPrev1ReceptionsPerGame,0
5,regPrev1ReceivingYardsPerGame,6.81471891591988e-4
5,regPrev1ReceivingTdsPerGame,0
5,regPrev1ReceivingFirstDownsPerGame,0.195916687814439
5,regPrev1ReceivingEpaPerGame,0
5,regPrev1CatchRate,0
5,regPrev1YardsPerTarget,0
5,regPrev1YardsPerReception,0
5,regPrev1TdPerTarget,0
5,regPrev1AirYardsPerTarget,0
5,regPrev1YacPerReception,0
5,regPrev1RushYardsPerCarry,0
5,regPrev1TeamTargetShareCalc,0
5,regPrev1TeamYardsShareCalc,0
5,regPrev1TeamTdShareCalc,0
5,regPrev1TeamAirYardsShareCalc,0
5,regPrev2Games,0
5,regPrev2Targets,0
5,regPrev2Receptions,0
5,regPrev2ReceivingYards,0
5,regPrev2ReceivingTds,0
5,regPrev2ReceivingFirstDowns,0
5,regPrev2ReceivingEpa,0
5,regPrev2ReceivingAirYards,0
5,regPrev2ReceivingYardsAfterCatch,0
5,regPrev2Carries,0
5,regPrev2RushingYards,0
5,regPrev2RushingTds,0
5,regPrev2TargetShare,0
5,regPrev2AirYardsShare,0
5,regPrev2Wopr,0
5,regPrev2TargetsPerGame,0
5,regPrev2ReceptionsPerGame,0
5,regPrev2ReceivingYardsPerGame,0
5,regPrev2ReceivingTdsPerGame,0
5,regPrev2ReceivingFirstDownsPerGame,0
5,regPrev2ReceivingEpaPerGame,0.14000655493545383
5,regPrev2CatchRate,0
5,regPrev2YardsPerTarget,0
5,regPrev2YardsPerReception,0
5,regPrev2TdPerTarget,0
5,regPrev2AirYardsPerTarget,0
5,regPrev2YacPerReception,0
5,regPrev2RushYardsPerCarry,0
5,regPrev2TeamTargetShareCalc,0
5,regPrev2TeamYardsShareCalc,0
5,regPrev2TeamTdShareCalc,0
5,regPrev2TeamAirYardsShareCalc,0
5,regYearsAvailable,0
5,regWeightedGames,0
5,regDeltaGames,0
5,regWeightedTargets,0
5,regDeltaTargets,0
5,regWeightedReceptions,0
5,regDeltaReceptions,0
5,regWeightedReceivingYards,0
5,regDeltaReceivingYards,0
5,regWeightedReceivingTds,0
5,regDeltaReceivingTds,0
5,regWeightedReceivingFirstDowns,0
5,regDeltaReceivingFirstDowns,0
5,regWeightedReceivingEpa,0
5,regDeltaReceivingEpa,0
5,regWeightedReceivingAirYards,0
5,regDeltaReceivingAirYards,0
5,regWeightedReceivingYardsAfterCatch,0
5,regDeltaReceivingYardsAfterCatch,0
5,regWeightedCarries,0
5,regDeltaCarries,0
5,regWeightedRushingYards,0
5,regDeltaRushingYards,0
5,regWeightedRushingTds,0
5,regDeltaRushingTds,0
5,regWeightedTargetShare,0
5,regDeltaTargetShare,0
5,regWeightedAirYardsShare,0
5,regDeltaAirYardsShare,0
5,regWeightedWopr,0
5,regDeltaWopr,0
5,regWeightedTargetsPerGame,0
5,regDeltaTargetsPerGame,0
5,regWeightedReceptionsPerGame,0
5,regDeltaReceptionsPerGame,0
5,regWeightedReceivingYardsPerGame,0
5,regDeltaReceivingYardsPerGame,0
5,regWeightedReceivingTdsPerGame,0
5,regDeltaReceivingTdsPerGame,0
5,regWeightedReceivingFirstDownsPerGame,0.005021571743729724
5,regDeltaReceivingFirstDownsPerGame,0
5,regWeightedReceivingEpaPerGame,0
5,regDeltaReceivingEpaPerGame,0
5,regWeightedCatchRate,0
5,regDeltaCatchRate,0
5,regWeightedYardsPerTarget,0
5,regDeltaYardsPerTarget,0
5,regWeightedYardsPerReception,0
5,regDeltaYardsPerReception,0
5,regWeightedTdPerTarget,0
5,regDeltaTdPerTarget,0
5,regWeightedAirYardsPerTarget,0
5,regDeltaAirYardsPerTarget,0
5,regWeightedYacPerReception,0
5,regDeltaYacPerReception,0
5,regWeightedRushYardsPerCarry,0
5,regDeltaRushYardsPerCarry,0
5,regWeightedTeamTargetShareCalc,0
5,regDeltaTeamTargetShareCalc,0
5,regWeightedTeamYardsShareCalc,0.22121304354907612
5,regDeltaTeamYardsShareCalc,0
5,regWeightedTeamTdShareCalc,0
5,regDeltaTeamTdShareCalc,0
5,regWeightedTeamAirYardsShareCalc,0
5,regDeltaTeamAirYardsShareCalc,0
5,snapPrev1SnapGames,0
5,snapPrev1OffenseSnaps,0
5,snapPrev1OffenseSnapsPerGame,0
5,snapPrev1OffensePctMean,0
5,snapPrev1OffensePctMax,0
5,snapPrev1StSnaps,0
5,snapPrev1StSnapsPerGame,0
5,snapPrev1StPctMean,0
5,snapPrev1OffenseSnapShare,0
5,snapPrev2SnapGames,0
5,snapPrev2OffenseSnaps,0
5,snapPrev2OffenseSnapsPerGame,0
5,snapPrev2OffensePctMean,0
5,snapPrev2OffensePctMax,0
5,snapPrev2StSnaps,0
5,snapPrev2StSnapsPerGame,0
5,snapPrev2StPctMean,0
5,snapPrev2OffenseSnapShare,0
5,snapYearsAvailable,0
5,snapWeightedSnapGames,0
5,snapDeltaSnapGames,0
5,snapWeightedOffenseSnaps,0
5,snapDeltaOffenseSnaps,0
5,snapWeightedOffenseSnapsPerGame,0
5,snapDeltaOffenseSnapsPerGame,0
5,snapWeightedOffensePctMean,0
5,snapDeltaOffensePctMean,0
5,snapWeightedOffensePctMax,0
5,snapDeltaOffensePctMax,0
5,snapWeightedStSnaps,0
5,snapDeltaStSnaps,0
5,snapWeightedStSnapsPerGame,0
5,snapDeltaStSnapsPerGame,0
5,snapWeightedStPctMean,0
5,snapDeltaStPctMean,0
5,snapWeightedOffenseSnapShare,0
5,snapDeltaOffenseSnapShare,0
5,ngsPrev1Targets,0
5,ngsPrev1Receptions,0
5,ngsPrev1Yards,0
5,ngsPrev1RecTouchdowns,0
5,ngsPrev1CatchPercentage,0
5,ngsPrev1AvgCushion,0
5,ngsPrev1AvgSeparation,0
5,ngsPrev1AvgIntendedAirYards,0
5,ngsPrev1PercentShareOfIntendedAirYards,0
5,ngsPrev1AvgYac,0
5,ngsPrev1AvgExpectedYac,0
5,ngsPrev1AvgYacAboveExpectation,0
5,ngsPrev1YardsPerTarget,0
5,ngsPrev1YardsPerReception,0
5,ngsPrev1TdPerTarget,0
5,ngsPrev2Targets,0
5,ngsPrev2Receptions,0
5,ngsPrev2Yards,0
5,ngsPrev2RecTouchdowns,0
5,ngsPrev2CatchPercentage,0
5,ngsPrev2AvgCushion,0
5,ngsPrev2AvgSeparation,0
5,ngsPrev2AvgIntendedAirYards,0
5,ngsPrev2PercentShareOfIntendedAirYards,0
5,ngsPrev2AvgYac,0
5,ngsPrev2AvgExpectedYac,0
5,ngsPrev2AvgYacAboveExpectation,0
5,ngsPrev2YardsPerTarget,0
5,ngsPrev2YardsPerReception,0
5,ngsPrev2TdPerTarget,0
5,ngsYearsAvailable,0
5,ngsWeightedTargets,0
5,ngsDeltaTargets,0
5,ngsWeightedReceptions,0
5,ngsDeltaReceptions,0
5,ngsWeightedYards,0
5,ngsDeltaYards,0
5,ngsWeightedRecTouchdowns,0
5,ngsDeltaRecTouchdowns,0
5,ngsWeightedCatchPercentage,0
5,ngsDeltaCatchPercentage,0
5,ngsWeightedAvgCushion,0
5,ngsDeltaAvgCushion,0
5,ngsWeightedAvgSeparation,0
5,ngsDeltaAvgSeparation,0
5,ngsWeightedAvgIntendedAirYards,0
5,ngsDeltaAvgIntendedAirYards,0
5,ngsWeightedPercentShareOfIntendedAirYards,0
5,ngsDeltaPercentShareOfIntendedAirYards,0
5,ngsWeightedAvgYac,0
5,ngsDeltaAvgYac,0
5,ngsWeightedAvgExpectedYac,0
5,ngsDeltaAvgExpectedYac,0
5,ngsWeightedAvgYacAboveExpectation,0
5,ngsDeltaAvgYacAboveExpectation,0
5,ngsWeightedYardsPerTarget,0
5,ngsDeltaYardsPerTarget,0
5,ngsWeightedYardsPerReception,0
5,ngsDeltaYardsPerReception,0
5,ngsWeightedTdPerTarget,0
5,ngsDeltaTdPerTarget,0
5,teamPrev1Games,0
5,teamPrev1Wins,0
5,teamPrev1Losses,0
5,teamPrev1Ties,0
5,teamPrev1WinPct,0
5,teamPrev1Attempts,0
5,teamPrev1PassingYards,0
5,teamPrev1PassingTds,0
5,teamPrev1PassingEpa,0
5,teamPrev1PassingCpoe,0
5,teamPrev1Carries,0
5,teamPrev1RushingYards,0
5,teamPrev1RushingEpa,0
5,teamPrev1PointsAgainst,0
5,teamPrev1Targets,0
5,teamPrev1ReceivingYards,0
5,teamPrev1ReceivingTds,0
5,teamPrev1ReceivingAirYards,0
5,teamPrev1PassRate,0
5,teamPrev1TeamPlays,0
5,teamPrev1PassingYardsPerAttempt,0
5,teamPrev1PassingYardsPerGame,0
5,teamPrev1PassingTdsPerGame,0
5,teamPrev1PassingEpaPerGame,0
5,teamPrev1ReceivingYardsPerTarget,0
5,teamPrev1PassRateDiffLeague,0
5,teamPrev1PassingYardsPerGameDiffLeague,0
5,teamPrev1PassingEpaPerGameDiffLeague,0
5,teamPrev2Games,0
5,teamPrev2Wins,0
5,teamPrev2Losses,0
5,teamPrev2Ties,0
5,teamPrev2WinPct,0
5,teamPrev2Attempts,0
5,teamPrev2PassingYards,0
5,teamPrev2PassingTds,0
5,teamPrev2PassingEpa,0
5,teamPrev2PassingCpoe,0
5,teamPrev2Carries,0
5,teamPrev2RushingYards,0
5,teamPrev2RushingEpa,0
5,teamPrev2PointsAgainst,0
5,teamPrev2Targets,0
5,teamPrev2ReceivingYards,0
5,teamPrev2ReceivingTds,0
5,teamPrev2ReceivingAirYards,-0.011439283877306836
5,teamPrev2PassRate,0
5,teamPrev2TeamPlays,0
5,teamPrev2PassingYardsPerAttempt,0
5,teamPrev2PassingYardsPerGame,0
5,teamPrev2PassingTdsPerGame,0
5,teamPrev2PassingEpaPerGame,0
5,teamPrev2ReceivingYardsPerTarget,0
5,teamPrev2PassRateDiffLeague,0
5,teamPrev2PassingYardsPerGameDiffLeague,0
5,teamPrev2PassingEpaPerGameDiffLeague,0
5,teamYearsAvailable,0
5,teamWeightedGames,0
5,teamDeltaGames,0
5,teamWeightedWins,0
5,teamDeltaWins,0
5,teamWeightedLosses,-0.011895054607825922
5,teamDeltaLosses,0
5,teamWeightedTies,0
5,teamDeltaTies,0
5,teamWeightedWinPct,0
5,teamDeltaWinPct,0
5,teamWeightedAttempts,0
5,teamDeltaAttempts,0
5,teamWeightedPassingYards,0
5,teamDeltaPassingYards,0
5,teamWeightedPassingTds,0
5,teamDeltaPassingTds,0
5,teamWeightedPassingEpa,0
5,teamDeltaPassingEpa,0
5,teamWeightedPassingCpoe,0
5,teamDeltaPassingCpoe,0
5,teamWeightedCarries,0
5,teamDeltaCarries,0
5,teamWeightedRushingYards,0
5,teamDeltaRushingYards,0
5,teamWeightedRushingEpa,0
5,teamDeltaRushingEpa,0
5,teamWeightedPointsAgainst,0
5,teamDeltaPointsAgainst,0
5,teamWeightedTargets,0
5,teamDeltaTargets,0
5,teamWeightedReceivingYards,0
5,teamDeltaReceivingYards,0
5,teamWeightedReceivingTds,0
5,teamDeltaReceivingTds,0
5,teamWeightedReceivingAirYards,0
5,teamDeltaReceivingAirYards,0
5,teamWeightedPassRate,0
5,teamDeltaPassRate,0
5,teamWeightedTeamPlays,0
5,teamDeltaTeamPlays,0
5,teamWeightedPassingYardsPerAttempt,0
5,teamDeltaPassingYardsPerAttempt,0
5,teamWeightedPassingYardsPerGame,0
5,teamDeltaPassingYardsPerGame,0
5,teamWeightedPassingTdsPerGame,0
5,teamDeltaPassingTdsPerGame,0
5,teamWeightedPassingEpaPerGame,0
5,teamDeltaPassingEpaPerGame,0
5,teamWeightedReceivingYardsPerTarget,0
5,teamDeltaReceivingYardsPerTarget,0.01757796723585785
5,teamWeightedPassRateDiffLeague,0
5,teamDeltaPassRateDiffLeague,0
5,teamWeightedPassingYardsPerGameDiffLeague,0
5,teamDeltaPassingYardsPerGameDiffLeague,0
5,teamWeightedPassingEpaPerGameDiffLeague,0
5,teamDeltaPassingEpaPerGameDiffLeague,0
5,marketPrev1ContractCount,0
5,marketPrev1MedianTerm,0
5,marketPrev1MedianAav,0
5,marketPrev1MedianAavPerc,0
5,marketPrev1P75AavPerc,0
5,marketPrev1MedianAgeAtSigning,0
5,marketPrev2ContractCount,-0.0852868715240139
5,marketPrev2MedianTerm,0
5,marketPrev2MedianAav,0
5,marketPrev2MedianAavPerc,0
5,marketPrev2P75AavPerc,0
5,marketPrev2MedianAgeAtSigning,0
5,marketWeightedContractCount,0
5,marketDeltaContractCount,0
5,marketWeightedMedianTerm,0
5,marketDeltaMedianTerm,0
5,marketWeightedMedianAav,0
5,marketDeltaMedianAav,0
5,marketWeightedMedianAavPerc,0
5,marketDeltaMedianAavPerc,0
5,marketWeightedP75AavPerc,0
5,marketDeltaP75AavPerc,0
5,marketWeightedMedianAgeAtSigning,0
5,marketDeltaMedianAgeAtSigning,0
5,combineAvailable_yes,0
5,combineAvailable_unknown,0
5,undraftedFlag_yes,0
5,playerRefMatched_yes,0
5,prevSignedTeam_ATL,0
5,prevSignedTeam_BAL,0
5,prevSignedTeam_BUF,0
5,prevSignedTeam_CAR,0
5,prevSignedTeam_CHI,0
5,prevSignedTeam_CIN,0
5,prevSignedTeam_CLE,0
5,prevSignedTeam_DAL,0
5,prevSignedTeam_DEN,0
5,prevSignedTeam_DET,0
5,prevSignedTeam_GB,0
5,prevSignedTeam_HOU,0
5,prevSignedTeam_IND,0
5,prevSignedTeam_JAX,0
5,prevSignedTeam_KC,0
5,prevSignedTeam_LA,0
5,prevSignedTeam_LAC,0
5,prevSignedTeam_LV,0
5,prevSignedTeam_MIA,0
5,prevSignedTeam_MIN,0
5,prevSignedTeam_NE,0
5,prevSignedTeam_NO,0
5,prevSignedTeam_NYG,0
5,prevSignedTeam_NYJ,0
5,prevSignedTeam_PHI,0
5,prevSignedTeam_PIT,0
5,prevSignedTeam_SEA,0
5,prevSignedTeam_SF,0
5,prevSignedTeam_TB,0
5,prevSignedTeam_TEN,0
5,prevSignedTeam_WAS,0
5,prevSignedTeam_unknown,0
5,prev1Team_ATL,0
5,prev1Team_BAL,0
5,prev1Team_BUF,0
5,prev1Team_CAR,0
5,prev1Team_CHI,0
5,prev1Team_CIN,0
5,prev1Team_CLE,0
5,prev1Team_DAL,0
5,prev1Team_DEN,0
5,prev1Team_DET,0
5,prev1Team_GB,0
5,prev1Team_HOU,0
5,prev1Team_IND,0
5,prev1Team_JAX,0
5,prev1Team_KC,0
5,prev1Team_LA,0
5,prev1Team_LAC,0
5,prev1Team_LV,0
5,prev1Team_MIA,0
5,prev1Team_MIN,0
5,prev1Team_NE,0
5,prev1Team_NO,0
5,prev1Team_NYG,0
5,prev1Team_NYJ,0
5,prev1Team_PHI,0
5,prev1Team_PIT,0
5,prev1Team_SEA,0
5,prev1Team_SF,0
5,prev1Team_TB,0
5,prev1Team_TEN,0
5,prev1Team_WAS,0
5,prev1Team_unknown,0
5,prev2Team_ATL,0
5,prev2Team_BAL,0
5,prev2Team_BUF,0
5,prev2Team_CAR,0
5,prev2Team_CHI,0
5,prev2Team_CIN,0
5,prev2Team_CLE,0
5,prev2Team_DAL,0
5,prev2Team_DEN,0
5,prev2Team_DET,0
5,prev2Team_GB,0
5,prev2Team_HOU,0
5,prev2Team_IND,0
5,prev2Team_JAX,0
5,prev2Team_KC,0
5,prev2Team_LA,0
5,prev2Team_LAC,0
5,prev2Team_LV,0
5,prev2Team_MIA,0
5,prev2Team_MIN,0
5,prev2Team_NE,0
5,prev2Team_NO,0
5,prev2Team_NYG,0
5,prev2Team_NYJ,0
5,prev2Team_PHI,0
5,prev2Team_PIT,0
5,prev2Team_SEA,0
5,prev2Team_SF,0
5,prev2Team_TB,0
5,prev2Team_TEN,0
5,prev2Team_WAS,0
5,prev2Team_unknown,0
5,priorTeamSame_yes,0
5,priorTeamSame_unknown,0
5,regPrev1Available_yes,0
5,regPrev2Available_yes,0
5,snapPrev1Available_yes,0
5,snapPrev2Available_yes,0
5,ngsPrev1Available_yes,0
5,ngsPrev2Available_yes,0
5,teamPrev1Available_yes,0
5,teamPrev2Available_yes,0
